fecha_hora,latitud,longitud,profundidad,tipo,magnitud,tipo_magnitud,lugar
2019-05-28T15:35:39Z,48.7192,153.3762,122.19,terremoto,4.8,mb,"294km SW of Severo-Kuril'sk, Russia"
2019-05-28T15:00:27Z,-8.6239,108.6426,98.83,terremoto,4.7,mb,"92km SSE of Sindangsari, Indonesia"
2019-05-28T14:41:45Z,-8.9085,-74.5369,148.39,terremoto,4.5,mb,"56km SSE of Campoverde, Peru"
2019-05-28T14:34:20Z,-14.6041,167.246,202.44,terremoto,4.5,mb,"53km NNE of Port-Olry, Vanuatu"
2019-05-28T13:00:47Z,-23.2048,-179.796,564.96,terremoto,4.5,mb,South of the Fiji Islands
2019-05-28T10:53:18Z,-12.8707,45.5139,10,terremoto,4.6,mb,"26km ESE of Pamandzi, Mayotte"
2019-05-28T05:27:47Z,36.9421,27.6242,10,terremoto,4.6,mb,"20km ESE of Bodrum, Turkey"
2019-05-28T03:28:17Z,-15.7281,-74.9928,22.98,terremoto,4.7,mb,"52km SW of Acari, Peru"
2019-05-28T03:14:36Z,-12.2632,-77.5854,35,terremoto,4.6,mb,"52km WSW of Callao, Peru"
2019-05-28T00:56:38Z,-5.0934,100.7385,10,terremoto,4.7,mb,"221km SW of Bengkulu, Indonesia"
2019-05-28T00:28:40Z,-7.2041,129.5236,141,terremoto,4.5,mb,"214km WNW of Saumlaki, Indonesia"
2019-05-27T23:44:03Z,-6.0684,147.0184,93.29,terremoto,4.7,mb,"72km N of Lae, Papua New Guinea"
2019-05-27T23:29:32Z,-56.3141,-27.6801,120.29,terremoto,5.8,mww,"52km NW of Visokoi Island, South Georgia and the South Sandwich Islands"
2019-05-27T14:21:44Z,-46.5755,166.0172,19.97,terremoto,4.5,mb,"155km W of Riverton, New Zealand"
2019-05-27T13:33:59Z,0.3776,122.0844,190.11,terremoto,4.7,mb,"33km WSW of Tilamuta, Indonesia"
2019-05-27T10:14:20Z,-4.6521,152.9065,55.84,terremoto,5.3,mb,"24km SW of Taron, Papua New Guinea"
2019-05-27T09:52:21Z,58.8609,-152.3514,65.4,terremoto,5.8,ml,"89km SSW of Homer, Alaska"
2019-05-27T09:25:20Z,-8.2112,158.6148,116.67,terremoto,5.5,mb,"49km WSW of Dadali, Solomon Islands"
2019-05-27T04:45:50Z,-20.9001,-113.6794,10,terremoto,4.5,mb,Southern East Pacific Rise
2019-05-27T01:56:18Z,-21.0216,-178.7803,586.46,terremoto,4.9,mb,"41km SSW of Ndoi Island, Fiji"
2019-05-27T00:25:07Z,18.988,145.7459,134.89,terremoto,4.6,mb,"25km NNE of Agrihan, Northern Mariana Islands"
2019-05-26T22:10:22Z,50.334,156.5409,57.59,terremoto,4.5,mb,"48km SE of Severo-Kuril'sk, Russia"
2019-05-26T20:57:33Z,-23.9862,179.4217,518.7,terremoto,4.6,mb,South of the Fiji Islands
2019-05-26T20:16:21Z,-11.2528,27.0199,10,terremoto,4.7,mb,"43km SE of Likasi, Democratic Republic of the Congo"
2019-05-26T19:04:17Z,36.7837,140.6809,35,terremoto,4.6,mb,"6km W of Kitaibaraki, Japan"
2019-05-26T17:00:02Z,2.232,128.4602,10,terremoto,4.7,mb,"74km NE of Tobelo, Indonesia"
2019-05-26T15:47:23Z,28.874,130.5609,10,terremoto,4.9,mb,"119km ENE of Naze, Japan"
2019-05-26T14:33:15Z,-10.2853,165.4169,37.44,terremoto,5.1,mb,"65km NW of Lata, Solomon Islands"
2019-05-26T10:41:15Z,-13.2323,-75.0665,77.58,terremoto,4.6,mb,"52km S of Huancavelica, Peru"
2019-05-26T10:33:41Z,0.374,125.3894,67.53,terremoto,4.9,mb,"115km SSE of Tondano, Indonesia"
2019-05-26T07:41:14Z,-5.796,-75.2975,109.88,terremoto,8,mww,"75km SSE of Lagunas, Peru"
2019-05-26T07:12:07Z,-4.4931,139.0374,63.76,terremoto,5,mb,"223km NW of Tanahmerah, Indonesia"
2019-05-26T05:37:59Z,-3.4008,140.875,34.29,terremoto,4.8,mb,"90km SSE of Abepura, Indonesia"
2019-05-26T05:09:10Z,23.2132,86.8956,10,terremoto,4.7,mb,"17km WSW of Bankura, India"
2019-05-26T04:58:08Z,-19.3316,169.1911,117.78,terremoto,4.7,mb,"25km NNW of Isangel, Vanuatu"
2019-05-26T02:33:58Z,-19.2908,-177.3382,564.35,terremoto,4.6,mb,"207km NE of Ndoi Island, Fiji"
2019-05-26T02:19:49Z,8.9166,93.7542,35,terremoto,4.6,mb,"115km NNE of Mohean, India"
2019-05-26T02:09:27Z,30.3801,87.6166,10,terremoto,4.8,mb,"115km WSW of Jiajuedibu, China"
2019-05-26T01:44:55Z,30.3248,87.6517,10,terremoto,4.7,mb,"115km SW of Jiajuedibu, China"
2019-05-26T00:26:22Z,29.389,130.6721,28.37,terremoto,4.7,mb,"152km SSW of Nishinoomote, Japan"
2019-05-25T23:58:52Z,39.8021,143.3001,30.88,terremoto,4.6,mb,"116km E of Miyako, Japan"
2019-05-25T20:30:53Z,3.1688,122.0671,587.16,terremoto,4.7,mb,"232km NNE of Kali, Indonesia"
2019-05-25T16:18:29Z,-6.4892,129.0885,10,terremoto,5,mb,"294km WNW of Saumlaki, Indonesia"
2019-05-25T12:56:28Z,-8.4644,-79.4854,57.41,terremoto,4.7,mb,"61km WSW of Moche, Peru"
2019-05-25T11:23:44Z,-21.1197,-69.011,120.45,terremoto,4.5,mb,"149km N of Calama, Chile"
2019-05-25T10:31:10Z,-18.9874,169.0296,140.64,terremoto,5.6,mww,"67km NNW of Isangel, Vanuatu"
2019-05-25T08:22:13Z,-18.0043,-174.9513,177.19,terremoto,4.5,mb,"124km NW of Neiafu, Tonga"
2019-05-25T06:20:46Z,35.3173,140.2952,30.38,terremoto,5,mww,"10km NW of Ohara, Japan"
2019-05-25T05:17:24Z,27.5835,86.2486,10,terremoto,4.5,mb,"32km NNE of Ramechhap, Nepal"
2019-05-25T05:11:32Z,-11.1137,162.3109,10,terremoto,4.7,mb,"84km SSE of Kirakira, Solomon Islands"
2019-05-25T03:29:01Z,49.2015,156.1553,35,terremoto,4.8,mb,"164km S of Severo-Kuril'sk, Russia"
2019-05-24T22:34:05Z,43.0555,47.1834,10,terremoto,4.5,mb,"9km WNW of Korkmaskala, Russia"
2019-05-24T22:09:19Z,-20.6288,169.8094,130.99,terremoto,5,mb,"132km SSE of Isangel, Vanuatu"
2019-05-24T21:23:35Z,13.8738,92.9593,10,terremoto,5,mb,"241km N of Bamboo Flat, India"
2019-05-24T20:15:59Z,-27.8791,-66.6421,148.6,terremoto,5.2,mww,"45km SW of Andalgala, Argentina"
2019-05-24T16:12:45Z,7.0056,-77.5029,10,terremoto,4.9,mb,"30km ESE of Jurado, Colombia"
2019-05-24T09:36:17Z,-16.4691,178.0273,10,terremoto,5.2,mb,"140km NNE of Lautoka, Fiji"
2019-05-24T06:16:17Z,-44.6693,-80.5131,10,terremoto,4.9,mb,"Off the coast of Aisen, Chile"
2019-05-24T03:40:17Z,36.0017,139.3324,111,terremoto,4.6,mb,"7km NW of Sakado, Japan"
2019-05-23T18:52:45Z,18.3772,-106.4698,10,terremoto,4.5,mb,"208km WSW of San Patricio, Mexico"
2019-05-23T15:56:41Z,-2.565,-12.2142,10,terremoto,5.1,mb,North of Ascension Island
2019-05-23T15:02:17Z,-21.6089,169.7702,10,terremoto,5.7,mww,"195km E of Tadine, New Caledonia"
2019-05-23T12:34:34Z,-6.2244,142.3577,10,terremoto,5.2,mb,"118km E of Kiunga, Papua New Guinea"
2019-05-23T08:45:18Z,51.3631,-178.3306,27.79,terremoto,6.1,mww,"55km ENE of Amatignak Island, Alaska"
2019-05-23T06:57:16Z,-34.6983,-178.3425,10,terremoto,4.8,mb,South of the Kermadec Islands
2019-05-23T06:30:19Z,-13.8965,48.9282,10,terremoto,4.7,mb,"56km ESE of Ambanja, Madagascar"
2019-05-23T06:12:49Z,24.0151,121.5603,16.23,terremoto,4.7,mb,"6km NW of Hualian, Taiwan"
2019-05-22T21:55:32Z,18.7122,-107.2225,10,terremoto,4.7,mb,"247km WSW of Tomatlan, Mexico"
2019-05-22T21:16:32Z,15.3205,-94.4544,35,terremoto,4.7,mb,"100km SW of Paredon, Mexico"
2019-05-22T18:10:05Z,-15.373,-173.0679,10,terremoto,5.1,mb,"97km NE of Hihifo, Tonga"
2019-05-22T17:36:19Z,-35.7741,-99.9665,10,terremoto,5.4,mww,Southeast of Easter Island
2019-05-22T11:53:14Z,-24.508,-179.6405,488.96,terremoto,4.6,mb,South of the Fiji Islands
2019-05-22T11:50:44Z,-10.236,108.5875,10,terremoto,4.7,mb,"268km S of Citotok, Indonesia"
2019-05-22T10:52:19Z,4.3586,126.8888,35,terremoto,4.8,mb,"195km SE of Sarangani, Philippines"
2019-05-22T04:23:12Z,-40.439,-72.9539,63.04,terremoto,4.6,mwr,"13km S of Rio Bueno, Chile"
2019-05-22T02:24:45Z,-22.4689,-65.9842,252.92,terremoto,4.5,mb,"40km NW of Abra Pampa, Argentina"
2019-05-22T01:39:56Z,-7.1463,129.1553,173.59,terremoto,4.7,mb,"254km WNW of Saumlaki, Indonesia"
2019-05-22T00:39:32Z,13.885,92.9467,10,terremoto,5.6,mww,"243km N of Bamboo Flat, India"
2019-05-21T21:19:50Z,1.0557,-85.1241,10,terremoto,5.3,mww,Off the coast of Ecuador
2019-05-21T20:54:51Z,19.0393,146.0718,88.51,terremoto,4.6,mb,"52km NE of Agrihan, Northern Mariana Islands"
2019-05-21T19:25:13Z,-30.4914,-71.3264,57.46,terremoto,4.5,mwr,"16km NW of Ovalle, Chile"
2019-05-21T19:05:58Z,-34.6265,-179.8495,41.81,terremoto,4.9,mb,South of the Kermadec Islands
2019-05-21T18:49:55Z,-8.3504,160.0295,62.98,terremoto,4.7,mb,"53km ESE of Buala, Solomon Islands"
2019-05-21T18:42:47Z,0.9733,122.0896,49.74,terremoto,5.1,mww,"53km E of Bunobogu, Indonesia"
2019-05-21T16:36:50Z,-14.0972,167.3294,146.4,terremoto,4.5,mb,"33km SW of Sola, Vanuatu"
2019-05-21T13:37:42Z,-15.8459,-72.0201,30.34,terremoto,5.1,mww,"18km N of Lluta, Peru"
2019-05-21T12:55:35Z,-16.0206,-72.0341,39.85,terremoto,4.6,mb,"2km WSW of Lluta, Peru"
2019-05-21T09:33:52Z,-12.3473,166.7692,120.99,terremoto,4.7,mb,"189km NNW of Sola, Vanuatu"
2019-05-21T08:58:20Z,37.8741,21.1914,10,terremoto,4.7,mb,"1km NW of Vartholomion, Greece"
2019-05-21T07:18:59Z,-23.1586,-66.6853,191.97,terremoto,5,mb,"101km W of El Aguilar, Argentina"
2019-05-21T06:33:04Z,-41.346,-88.5826,10,terremoto,5.3,mb,West Chile Rise
2019-05-21T04:04:40Z,-2.7447,150.136,10,terremoto,4.9,mb,"75km WSW of Kavieng, Papua New Guinea"
2019-05-21T03:45:12Z,75.5505,110.1839,10,terremoto,4.8,mb,"173km NNW of Nordvik, Russia"
2019-05-20T11:18:32Z,-31.4861,-69.8663,102.26,terremoto,5.6,mww,"46km WSW of Calingasta, Argentina"
2019-05-20T10:18:04Z,52.8008,-172.4452,165.96,terremoto,4.5,mb,"87km WNW of Amukta Island, Alaska"
2019-05-20T09:27:32Z,7.6231,-37.3755,10,terremoto,4.8,mb,Central Mid-Atlantic Ridge
2019-05-20T07:34:11Z,-18.1965,167.7434,10,terremoto,4.6,mb,"79km SW of Port-Vila, Vanuatu"
2019-05-20T06:20:35Z,19.1179,120.3863,10,terremoto,4.9,mb,"72km NNW of Burgos, Philippines"
2019-05-20T06:02:15Z,-6.8279,154.6331,10,terremoto,5.1,mww,"109km WSW of Panguna, Papua New Guinea"
2019-05-20T04:52:42Z,2.5169,128.2814,10,terremoto,4.6,mb,"92km NNE of Tobelo, Indonesia"
2019-05-20T04:15:54Z,-25.9988,-175.2502,10,terremoto,5,mb,South of Tonga
2019-05-20T01:28:08Z,-6.5125,154.5949,10,terremoto,4.7,mb,"100km WSW of Panguna, Papua New Guinea"
2019-05-20T01:15:48Z,-6.7185,154.7272,10,terremoto,5.2,mww,"94km WSW of Panguna, Papua New Guinea"
2019-05-19T18:51:05Z,-19.4627,-177.2867,388.89,terremoto,4.7,mb,"197km NE of Ndoi Island, Fiji"
2019-05-19T16:35:31Z,2.3974,-84.1952,10,terremoto,4.6,mb,Off the coast of Central America
2019-05-19T15:47:54Z,54.9873,165.8921,10,terremoto,4.9,mb,"23km SSW of Nikol'skoye, Russia"
2019-05-19T15:08:19Z,-24.2951,-67.096,180.42,terremoto,4.6,mb,"79km W of San Antonio de los Cobres, Argentina"
2019-05-19T15:06:17Z,-21.6002,169.6868,10,terremoto,4.9,mb,"186km E of Tadine, New Caledonia"
2019-05-19T15:01:48Z,-21.6697,169.6875,10,terremoto,5.1,mb,"187km E of Tadine, New Caledonia"
2019-05-19T14:56:50Z,-21.6074,169.4692,20,terremoto,6.3,mww,"164km E of Tadine, New Caledonia"
2019-05-19T14:41:14Z,-21.6819,169.6669,21.14,terremoto,4.7,mb,"185km E of Tadine, New Caledonia"
2019-05-19T14:27:12Z,-21.7384,169.5741,19.95,terremoto,6,mww,"176km E of Tadine, New Caledonia"
2019-05-19T11:48:33Z,-60.4402,-26.7865,10,terremoto,5.1,mb,"157km S of Bristol Island, South Sandwich Islands"
2019-05-19T06:16:07Z,-10.329,119.2106,12.77,terremoto,5.1,mb,"65km S of Bogorawatu, Indonesia"
2019-05-19T06:12:20Z,-23.9063,-66.8217,197.42,terremoto,4.5,mb,"61km NW of San Antonio de los Cobres, Argentina"
2019-05-19T01:23:29Z,-21.6713,169.8042,20,terremoto,6.3,mww,"199km E of Tadine, New Caledonia"
2019-05-19T00:42:45Z,-17.5351,167.7024,10,terremoto,4.5,mb,"69km WNW of Port-Vila, Vanuatu"
2019-05-18T20:35:31Z,-2.9251,129.9853,10,terremoto,4.9,mb,"127km ENE of Amahai, Indonesia"
2019-05-18T17:56:24Z,43.3079,146.9218,51.04,terremoto,4.5,mb,"57km SSE of Shikotan, Russia"
2019-05-18T14:58:30Z,-5.2595,152.6744,10,terremoto,5.1,mb,"96km SSW of Taron, Papua New Guinea"
2019-05-18T08:16:10Z,48.2527,154.4133,57.42,terremoto,4.5,mb,"296km SSW of Severo-Kuril'sk, Russia"
2019-05-18T07:48:18Z,29.6908,52.0167,10,terremoto,4.6,mb,"35km ENE of Kazerun, Iran"
2019-05-18T04:39:01Z,11.6016,125.6176,35,terremoto,4.6,mb,"16km E of Lalauigan, Philippines"
2019-05-18T03:55:39Z,-4.8282,-75.0735,35,terremoto,4.5,mb,"79km ENE of Lagunas, Peru"
2019-05-18T03:43:30Z,-34.6964,76.2859,10,terremoto,4.6,mb,Mid-Indian Ridge
2019-05-18T03:00:09Z,-21.061,-178.6814,598.15,terremoto,4.5,mb,"45km S of Ndoi Island, Fiji"
2019-05-18T01:51:30Z,-9.4947,108.6653,10,terremoto,5.6,mww,"187km S of Sindangsari, Indonesia"
2019-05-18T01:29:33Z,-16.9152,-174.1217,54.52,terremoto,4.6,mb,"113km SSW of Hihifo, Tonga"
2019-05-18T01:18:03Z,38.9378,141.7729,77.64,terremoto,4.8,mb,"15km SSE of Ofunato, Japan"
2019-05-17T23:02:32Z,-3.2468,139.8705,35,terremoto,5,mb,"104km SW of Abepura, Indonesia"
2019-05-17T22:37:47Z,-4.5834,153.0098,21,terremoto,5.9,mww,"13km S of Taron, Papua New Guinea"
2019-05-17T22:24:52Z,45.2046,124.6114,16.53,terremoto,4.8,mb,"16km W of Fuyu, China"
2019-05-17T19:05:20Z,7.8097,94.2357,10,terremoto,5.1,mb,"102km E of Mohean, India"
2019-05-17T15:18:18Z,2.708,128.7106,211.98,terremoto,4.6,mb,"133km NE of Tobelo, Indonesia"
2019-05-17T14:16:23Z,-19.8379,-70.2925,81.73,terremoto,5,mww,"45km NNW of Iquique, Chile"
2019-05-17T14:00:40Z,27.9437,139.8477,450.04,terremoto,4.5,mb,"252km WNW of Chichi-shima, Japan"
2019-05-17T11:23:52Z,11.3926,48.1881,10,terremoto,4.6,mb,"25km N of Laasqoray, Somalia"
2019-05-17T09:09:30Z,-20.5289,-175.7885,162.45,terremoto,4.5,mb,"90km NW of Nuku`alofa, Tonga"
2019-05-17T08:23:37Z,27.9226,84.6955,10,terremoto,4.7,mb,"37km NE of Bharatpur, Nepal"
2019-05-17T05:27:28Z,-35.0644,-74.0443,10,terremoto,5.2,mww,"151km W of Constitucion, Chile"
2019-05-17T03:27:03Z,-3.8142,152.8414,10,terremoto,4.8,mb,"48km ESE of Namatanai, Papua New Guinea"
2019-05-16T22:52:43Z,-4.5883,-105.7309,10,terremoto,5.8,mww,Central East Pacific Rise
2019-05-16T22:30:55Z,12.0142,-89.0699,10,terremoto,4.8,mb,"151km SSW of Puerto El Triunfo, El Salvador"
2019-05-16T16:22:16Z,12.6241,-87.8557,62.02,terremoto,5.9,mww,"45km WSW of Jiquilillo, Nicaragua"
2019-05-16T15:18:05Z,-3.1526,130.424,13.65,terremoto,4.5,mb,"168km E of Amahai, Indonesia"
2019-05-16T14:39:03Z,-8.6904,112.535,83.79,terremoto,4.7,mb,"37km S of Gombangan, Indonesia"
2019-05-16T14:32:49Z,-17.8136,-70.1711,114.14,terremoto,5.1,mww,"22km NNE of Tacna, Peru"
2019-05-16T12:09:47Z,-5.17,152.864,35,terremoto,4.9,mb,"79km SSW of Taron, Papua New Guinea"
2019-05-16T10:17:17Z,-4.3151,152.8639,35,terremoto,5,mb,"25km NW of Taron, Papua New Guinea"
2019-05-16T06:51:59Z,7.4162,94.3029,10,terremoto,4.9,mb,"124km ESE of Mohean, India"
2019-05-16T04:04:56Z,-2.3711,-76.9019,137.41,terremoto,4.8,mb,"135km E of Macas, Ecuador"
2019-05-16T01:23:59Z,-5.2257,152.6189,25.33,terremoto,5.7,mww,"95km SSW of Taron, Papua New Guinea"
2019-05-16T00:32:13Z,-31.456,-69.3931,105.45,terremoto,5.1,mww,"13km S of Calingasta, Argentina"
2019-05-16T00:29:14Z,-60.8693,-51.3275,10,terremoto,4.5,mb,Scotia Sea
2019-05-16T00:02:41Z,-21.4292,-68.3506,114.37,terremoto,4.5,mb,"129km NNE of Calama, Chile"
2019-05-15T20:33:37Z,28.1554,103.6621,37.67,terremoto,4.8,mb,"9km ESE of Xiluodu, China"
2019-05-15T19:31:44Z,57.4398,120.6751,14.74,terremoto,4.7,mb,"157km ENE of Chara, Russia"
2019-05-15T16:53:46Z,32.806,32.6513,10,terremoto,4.8,mb,"162km NNE of `Izbat al Burj, Egypt"
2019-05-15T15:03:44Z,-2.8844,126.9256,10,terremoto,4.5,mb,"45km NNW of Namlea, Indonesia"
2019-05-15T14:49:34Z,19.6251,-108.9998,10,terremoto,4.6,mb,"228km ENE of Socorro Island, Mexico"
2019-05-15T14:09:00Z,-28.5516,-176.7205,35,terremoto,5.3,mb,"139km NE of Raoul Island, New Zealand"
2019-05-15T13:28:22Z,4.1512,126.6475,32.53,terremoto,4.6,mb,"190km SE of Sarangani, Philippines"
2019-05-15T12:11:00Z,12.1559,46.1801,10,terremoto,5.1,mb,"138km SE of Zinjibar, Yemen"
2019-05-15T10:54:43Z,37.8445,21.2357,10,terremoto,4.6,mb,"1km WSW of Gastouni, Greece"
2019-05-15T08:54:39Z,25.6984,125.6949,101.82,terremoto,4.6,mb,"107km NNE of Hirara, Japan"
2019-05-15T05:24:32Z,29.7257,130.6783,35,terremoto,5.4,mb,"115km SSW of Nishinoomote, Japan"
2019-05-15T03:14:43Z,-9.8406,154.2741,10,terremoto,4.8,mb,"192km ESE of Kulumadau, Papua New Guinea"
2019-05-15T01:25:40Z,-60.5726,-26.0946,10,terremoto,4.5,mb,"173km S of Bristol Island, South Sandwich Islands"
2019-05-15T00:59:59Z,27.5866,142.8159,10,terremoto,4.7,mb,"81km NE of Chichi-shima, Japan"
2019-05-15T00:42:48Z,-3.1589,149.2658,10,terremoto,4.7,mb,"182km WSW of Kavieng, Papua New Guinea"
2019-05-15T00:33:45Z,-3.2352,148.9957,10,terremoto,5.5,mww,"213km WSW of Kavieng, Papua New Guinea"
2019-05-14T23:44:40Z,-7.425,121.1315,538.76,terremoto,4.5,mb,"109km N of Mbarungkeli, Indonesia"
2019-05-14T21:50:09Z,19.7238,-108.9238,10,terremoto,4.9,mb,"240km ENE of Socorro Island, Mexico"
2019-05-14T20:55:26Z,43.8449,147.9495,36.39,terremoto,5.2,mww,"98km E of Shikotan, Russia"
2019-05-14T20:09:37Z,-3.7381,151.857,35.45,terremoto,4.6,mb,"61km NW of Rabaul, Papua New Guinea"
2019-05-14T20:01:07Z,-35.6989,-103.8114,10,terremoto,5,mb,Southeast of Easter Island
2019-05-14T16:14:29Z,12.5013,-87.036,151.77,terremoto,4.5,mb,"7km SW of Posoltega, Nicaragua"
2019-05-14T16:06:29Z,-4.1531,151.8585,10.03,terremoto,4.5,mb,"35km W of Rabaul, Papua New Guinea"
2019-05-14T15:37:11Z,-4.1894,152.827,10,terremoto,4.7,mb,"38km NW of Taron, Papua New Guinea"
2019-05-14T14:56:12Z,-4.804,153.0517,10,terremoto,4.5,mb,"37km S of Taron, Papua New Guinea"
2019-05-14T14:54:17Z,-4.0877,152.55,10,terremoto,4.6,mb,"43km NE of Kokopo, Papua New Guinea"
2019-05-14T14:36:34Z,-3.7803,152.0114,12.09,terremoto,5,mb,"48km WSW of Namatanai, Papua New Guinea"
2019-05-14T14:33:15Z,-3.7583,152.4881,10,terremoto,4.8,mb,"11km SSE of Namatanai, Papua New Guinea"
2019-05-14T14:30:45Z,-3.9688,152.8493,10,terremoto,4.8,mb,"57km SE of Namatanai, Papua New Guinea"
2019-05-14T14:25:05Z,-4.2919,152.9489,10,terremoto,4.7,mb,"21km NNW of Taron, Papua New Guinea"
2019-05-14T14:04:38Z,-17.5789,167.8864,10.72,terremoto,4.5,mb,"49km WNW of Port-Vila, Vanuatu"
2019-05-14T14:01:18Z,-4.2329,152.5772,10,terremoto,4.5,mb,"37km ENE of Kokopo, Papua New Guinea"
2019-05-14T13:38:20Z,-4.21,152.6618,10,terremoto,5,mb,"46km ENE of Kokopo, Papua New Guinea"
2019-05-14T13:31:57Z,-3.786,152.5753,10,terremoto,4.5,mb,"20km SE of Namatanai, Papua New Guinea"
2019-05-14T13:27:11Z,-4.6009,152.5182,10,terremoto,4.5,mb,"39km SE of Kokopo, Papua New Guinea"
2019-05-14T13:26:06Z,-4.1347,152.2903,10,terremoto,4.8,mb,"14km ENE of Rabaul, Papua New Guinea"
2019-05-14T13:17:08Z,-3.8404,152.5247,10,terremoto,4.7,mb,"21km SSE of Namatanai, Papua New Guinea"
2019-05-14T13:13:49Z,-4.0079,151.6778,10,terremoto,4.9,mb,"58km WNW of Rabaul, Papua New Guinea"
2019-05-14T12:58:26Z,-4.081,152.5694,10,terremoto,7.5,mww,"45km NE of Kokopo, Papua New Guinea"
2019-05-14T11:16:36Z,-39.4104,178.395,10,terremoto,5.2,mww,"90km SSE of Gisborne, New Zealand"
2019-05-14T09:48:31Z,47.6076,86.5905,10,terremoto,4.5,mb,"118km WSW of Altay, China"
2019-05-14T09:30:47Z,27.368,142.8989,10,terremoto,4.7,mb,"74km ENE of Chichi-shima, Japan"
2019-05-14T09:08:42Z,52.1002,-176.1697,141.04,terremoto,4.5,mb,"41km NE of Adak, Alaska"
2019-05-14T08:00:08Z,11.013,-72.291,83.34,terremoto,4.5,mb,"36km ESE of Albania, Colombia"
2019-05-14T00:20:38Z,-12.8392,45.4533,10,terremoto,5,mww,"19km ESE of Pamandzi, Mayotte"
2019-05-13T23:23:45Z,-51.5688,139.298,10,terremoto,4.9,mb,Western Indian-Antarctic Ridge
2019-05-13T21:27:32Z,37.676,21.1839,10,terremoto,4.5,mb,"16km SW of Kardamas, Greece"
2019-05-13T18:00:17Z,0.6492,-78.0214,1.36,terremoto,4.6,mb,"10km WNW of El Angel, Ecuador"
2019-05-13T16:57:16Z,37.6753,21.267,10,terremoto,4.9,mb,"11km SSW of Kardamas, Greece"
2019-05-13T16:53:01Z,-2.9864,130.4059,10,terremoto,4.8,mww,"169km ENE of Amahai, Indonesia"
2019-05-13T16:41:26Z,-23.2739,-179.0795,412.84,terremoto,4.5,mb,"293km S of Ndoi Island, Fiji"
2019-05-13T16:01:05Z,-20.6791,169.3292,35,terremoto,4.6,mb,"125km S of Isangel, Vanuatu"
2019-05-13T15:31:27Z,37.6494,21.2205,10,terremoto,4.5,mb,"16km SW of Kardamas, Greece"
2019-05-13T12:54:21Z,-6.368,150.9204,10,terremoto,5.3,mb,"124km SE of Kimbe, Papua New Guinea"
2019-05-13T12:41:53Z,-14.0779,-74.4393,83.45,terremoto,5,mb,"76km NNW of Puquio, Peru"
2019-05-13T12:01:10Z,-23.4381,-174.9597,10,terremoto,5.2,mb,"233km S of `Ohonua, Tonga"
2019-05-13T11:38:15Z,-23.916,-179.5237,517.08,terremoto,4.7,mb,South of the Fiji Islands
2019-05-13T10:53:19Z,5.3392,125.6783,168.27,terremoto,4.6,mb,"24km ESE of Sarangani, Philippines"
2019-05-13T09:59:35Z,37.2316,141.2504,10,terremoto,4.6,mb,"35km SE of Namie, Japan"
2019-05-13T08:18:02Z,-22.1206,-175.6017,10,terremoto,4.7,mb,"110km SSW of Vaini, Tonga"
2019-05-13T07:10:28Z,-12.1885,-74.8297,54.13,terremoto,5.2,mb,"24km NNE of Pampas, Peru"
2019-05-13T05:01:47Z,30.5677,143.6087,10,terremoto,5,mb,"Izu Islands, Japan region"
2019-05-13T03:59:42Z,5.6675,125.7266,140.47,terremoto,4.5,mb,"25km ESE of Kalbay, Philippines"
2019-05-13T03:48:48Z,-24.5773,-115.5611,10,terremoto,4.6,mb,Southern East Pacific Rise
2019-05-13T03:20:27Z,-4.0049,142.2528,120.53,terremoto,4.7,mb,"70km WNW of Ambunti, Papua New Guinea"
2019-05-13T02:58:47Z,25.5854,141.4223,74.82,terremoto,4.5,mb,"89km N of Iwo Jima, Japan"
2019-05-13T02:11:07Z,-32.9447,-178.895,53.68,terremoto,5.1,mb,"167km S of L'Esperance Rock, New Zealand"
2019-05-13T01:01:53Z,9.6696,-84.33,40.73,terremoto,4.5,mb,"13km SW of Tejar, Costa Rica"
2019-05-13T00:43:33Z,79.4078,123.8974,10,terremoto,5.4,mb,East of Severnaya Zemlya
2019-05-12T21:52:11Z,-17.7026,-69.4644,157.52,terremoto,4.6,mb,"55km N of Putre, Chile"
2019-05-12T21:17:14Z,-5.7993,151.082,35,terremoto,4.8,mb,"107km ESE of Kimbe, Papua New Guinea"
2019-05-12T21:11:40Z,14.8834,-45.0696,10,terremoto,4.8,mb,Northern Mid-Atlantic Ridge
2019-05-12T21:08:30Z,-11.9545,165.4592,10,terremoto,5,mb,"142km SSW of Lata, Solomon Islands"
2019-05-12T19:24:50Z,8.6091,-82.8387,19,terremoto,6.1,mww,"8km N of Canoas, Costa Rica"
2019-05-12T15:25:40Z,-11.9894,165.4604,10,terremoto,5.1,mb,"146km SSW of Lata, Solomon Islands"
2019-05-12T15:01:01Z,-53.4092,23.8907,10,terremoto,4.6,mb,South of Africa
2019-05-12T14:56:04Z,-27.6723,-176.5124,10,terremoto,4.9,mb,"222km NE of Raoul Island, New Zealand"
2019-05-12T10:00:01Z,19.228,121.1144,10,terremoto,4.7,mb,"68km N of Claveria, Philippines"
2019-05-12T08:59:53Z,19.4192,121.0283,20.48,terremoto,5.4,mww,"90km N of Claveria, Philippines"
2019-05-12T08:51:44Z,-6.5306,104.6109,57.04,terremoto,4.9,mb,"114km W of Cangkeuteuk Sabrang, Indonesia"
2019-05-12T08:18:38Z,15.4788,-78.1313,10,terremoto,4.5,mb,"270km SSW of Rocky Point, Jamaica"
2019-05-12T07:28:08Z,3.9283,-73.8963,10,terremoto,4.5,mb,"15km WNW of Guamal, Colombia"
2019-05-12T06:07:45Z,32.7046,132.3158,36.34,terremoto,4.7,mb,"46km WSW of Sukumo, Japan"
2019-05-12T02:47:44Z,-17.8372,-178.6144,566.45,terremoto,4.6,mb,"264km SE of Lambasa, Fiji"
2019-05-12T01:58:40Z,4.6815,-82.683,10,terremoto,4.5,mb,South of Panama
2019-05-11T23:43:42Z,0.5778,122.3185,112.67,terremoto,4.6,mb,"6km NNW of Tilamuta, Indonesia"
2019-05-11T20:13:01Z,-6.053,149.3607,68.56,terremoto,5,mww,"27km NW of Kandrian, Papua New Guinea"
2019-05-11T18:51:01Z,28.8942,81.6045,31.32,terremoto,4.5,mb,"11km WNW of Dailekh, Nepal"
2019-05-11T17:20:41Z,-1.6467,99.9281,43.66,terremoto,4.5,mb,"74km WSW of Pasarbaru, Indonesia"
2019-05-11T16:06:14Z,-34.5835,179.9892,73.02,terremoto,5.4,mww,South of the Kermadec Islands
2019-05-11T13:32:42Z,-4.8738,134.2239,10,terremoto,4.7,mb,"98km N of Dobo, Indonesia"
2019-05-11T10:28:59Z,34.9609,45.7447,10,terremoto,5.3,mww,"32km SW of Halabjah, Iraq"
2019-05-11T05:23:23Z,-30.2596,-179.95,363.71,terremoto,4.5,mb,"164km NW of L'Esperance Rock, New Zealand"
2019-05-11T05:04:21Z,-21.7616,168.8988,10,terremoto,5,mb,"107km ESE of Tadine, New Caledonia"
2019-05-11T01:30:23Z,-1.8252,122.5919,10,terremoto,4.6,mb,"99km SSW of Luwuk, Indonesia"
2019-05-11T00:48:52Z,29.9776,142.4918,10,terremoto,4.5,mb,"Izu Islands, Japan region"
2019-05-10T23:59:41Z,32.6987,132.3236,35,terremoto,4.9,mww,"46km SW of Sukumo, Japan"
2019-05-10T23:05:52Z,8.9094,126.5839,35,terremoto,4.7,mb,"30km E of Aras-asan, Philippines"
2019-05-10T22:56:47Z,-24.5987,179.7566,517.54,terremoto,4.5,mb,South of the Fiji Islands
2019-05-10T14:53:05Z,-12.0649,165.3835,10,terremoto,5.3,mb,"156km SSW of Lata, Solomon Islands"
2019-05-10T14:05:42Z,-23.9458,-179.366,536.95,terremoto,5.1,mb,South of the Fiji Islands
2019-05-10T11:40:36Z,31.756,131.8657,35.27,terremoto,4.9,mb,"45km ESE of Miyazaki-shi, Japan"
2019-05-10T08:44:54Z,-19.7507,169.0856,111.01,terremoto,5.8,mww,"29km SW of Isangel, Vanuatu"
2019-05-10T06:41:05Z,-28.4802,-176.8453,10,terremoto,4.8,mb,"134km NE of Raoul Island, New Zealand"
2019-05-10T05:46:40Z,-23.8514,-63.7705,22.5,terremoto,4.7,mb,"55km ENE of Palma Sola, Argentina"
2019-05-10T05:14:02Z,-36.6796,-93.8694,10,terremoto,4.5,mb,West Chile Rise
2019-05-10T04:53:47Z,31.3957,131.7856,10,terremoto,4.6,mb,"45km ESE of Nichinan, Japan"
2019-05-10T03:43:18Z,-28.6992,-177.2353,10,terremoto,5,mb,"90km NE of Raoul Island, New Zealand"
2019-05-10T03:38:29Z,-10.2429,161.5439,74.27,terremoto,4.6,mb,"47km WNW of Kirakira, Solomon Islands"
2019-05-10T03:31:40Z,-29.0031,-176.6525,35,terremoto,4.9,mb,"124km ENE of Raoul Island, New Zealand"
2019-05-10T03:23:33Z,-28.6866,-176.764,10,terremoto,5.6,mww,"128km ENE of Raoul Island, New Zealand"
2019-05-10T00:32:25Z,2.2111,127.086,90.83,terremoto,4.5,mb,"115km WNW of Tobelo, Indonesia"
2019-05-10T00:07:38Z,31.6825,131.7928,35,terremoto,5.1,mb,"41km ENE of Nichinan, Japan"
2019-05-09T23:48:42Z,31.7719,131.8503,22,terremoto,6.1,mww,"43km ESE of Miyazaki-shi, Japan"
2019-05-09T23:06:50Z,-17.0383,-174.0031,93.61,terremoto,5.2,mb,"123km SSW of Hihifo, Tonga"
2019-05-09T22:43:22Z,31.7987,131.8702,22,terremoto,5.7,mww,"44km ESE of Miyazaki-shi, Japan"
2019-05-09T22:21:39Z,-21.204,-70.0699,49.59,terremoto,4.5,mwr,"99km N of Tocopilla, Chile"
2019-05-09T21:46:40Z,-8.2984000000000009,150.1735,35,terremoto,5,mb,"217km ENE of Popondetta, Papua New Guinea"
2019-05-09T21:37:13Z,49.7151,155.8938,35,terremoto,5.1,mww,"108km S of Severo-Kuril'sk, Russia"
2019-05-09T19:15:57Z,45.125,80.4968,10,terremoto,4.5,mb,"55km SE of Sarkand, Kazakhstan"
2019-05-09T18:24:03Z,14.0452,-92.4959,35,terremoto,4.7,mb,"60km SSW of Ocos, Guatemala"
2019-05-09T12:15:22Z,-10.2883,161.1918,43.73,terremoto,4.8,mb,"81km WNW of Kirakira, Solomon Islands"
2019-05-09T04:44:16Z,-23.9584,-179.8277,521.06,terremoto,4.5,mb,South of the Fiji Islands
2019-05-09T00:39:42Z,8.8423,126.9943,10,terremoto,4.5,mb,"76km E of Aras-asan, Philippines"
2019-05-08T19:06:00Z,6.2987,127.0136,107.99,terremoto,4.8,mb,"92km E of Pondaguitan, Philippines"
2019-05-08T18:04:26Z,8.9937,126.6271,39.78,terremoto,4.6,mb,"36km ENE of Cagwait, Philippines"
2019-05-08T16:58:55Z,-6.5912,154.8433,10,terremoto,5,mb,"77km WSW of Panguna, Papua New Guinea"
2019-05-08T14:57:00Z,-19.0669,167.4577,10,terremoto,5,mb,"173km SSW of Port-Vila, Vanuatu"
2019-05-08T13:47:18Z,-15.8336,-75.1857,10,terremoto,5.8,mww,"69km S of Minas de Marcona, Peru"
2019-05-08T12:15:16Z,-1.79,122.6399,10,terremoto,4.7,mb,"94km S of Luwuk, Indonesia"
2019-05-08T07:38:36Z,-17.7437,-173.2439,95.25,terremoto,4.7,mb,"127km NE of Neiafu, Tonga"
2019-05-08T05:34:34Z,8.8532,126.5438,49.41,terremoto,4.7,mb,"26km E of Aras-asan, Philippines"
2019-05-08T03:01:07Z,11.651,125.5791,77,terremoto,4.6,mb,"13km ENE of Lalauigan, Philippines"
2019-05-08T01:42:41Z,-19.9981,169.564,97.41,terremoto,4.7,mb,"58km SSE of Isangel, Vanuatu"
2019-05-08T00:20:01Z,40.0604,142.0263,56.79,terremoto,4.6,mb,"47km N of Miyako, Japan"
2019-05-07T21:39:36Z,9.7895,126.7824,10,terremoto,4.5,mb,"68km E of General Luna, Philippines"
2019-05-07T17:58:31Z,44.5053,148.1712,62.47,terremoto,4.7,mb,"84km SSE of Kuril'sk, Russia"
2019-05-07T17:33:28Z,-28.7722,-176.8379,10,terremoto,4.9,mb,"117km ENE of Raoul Island, New Zealand"
2019-05-07T16:20:06Z,-7.9194,120.2241,206.48,terremoto,4.6,mb,"43km N of Nggilat, Indonesia"
2019-05-07T14:42:23Z,35.3305,142.6006,10,terremoto,4.8,mww,"166km ESE of Hasaki, Japan"
2019-05-07T08:24:12Z,10.7841,93.5461,78.81,terremoto,4.6,mb,"130km SE of Port Blair, India"
2019-05-07T07:19:12Z,2.6024,122.4544,529.99,terremoto,4.8,mb,"195km NE of Kali, Indonesia"
2019-05-07T06:28:13Z,49.4787,155.8181,50.01,terremoto,5.2,mb,"135km S of Severo-Kuril'sk, Russia"
2019-05-07T03:09:50Z,-38.0715,-94.2424,10,terremoto,4.6,mb,West Chile Rise
2019-05-06T23:19:11Z,-15.6262,167.2955,161.03,terremoto,5,mb,"17km SE of Luganville, Vanuatu"
2019-05-06T23:09:08Z,4.8923,128.0424,10,terremoto,4.6,mb,"262km SE of Pondaguitan, Philippines"
2019-05-06T21:19:37Z,-6.9738,146.4504,146,terremoto,7.1,mww,"33km NW of Bulolo, Papua New Guinea"
2019-05-06T21:03:18Z,-25.0493,179.9261,495.42,terremoto,4.8,mb,South of the Fiji Islands
2019-05-06T19:07:14Z,-6.6822,130.7055,75.64,terremoto,4.6,mb,"155km NNW of Saumlaki, Indonesia"
2019-05-06T18:56:32Z,6.991,-76.2643,20.21,terremoto,4.5,mb,"1km SSE of Dabeiba, Colombia"
2019-05-06T17:56:03Z,26.2457,129.5528,10,terremoto,4.7,mb,"161km ESE of Nago, Japan"
2019-05-06T16:11:29Z,-3.2596,-12.0948,10,terremoto,5,mb,North of Ascension Island
2019-05-06T15:47:48Z,-22.858,-69.0094,103.24,terremoto,4.6,mb,"44km S of Calama, Chile"
2019-05-06T15:04:59Z,14.7757,55.5583,10,terremoto,4.7,mb,"287km NE of Tamrida, Yemen"
2019-05-06T14:47:28Z,14.5766,55.8604,10,terremoto,4.9,mb,"290km NE of Tamrida, Yemen"
2019-05-06T14:46:58Z,-56.9864,-25.0834,10,terremoto,4.8,mb,"133km ESE of Visokoi Island, South Georgia and the South Sandwich Islands"
2019-05-06T14:32:28Z,7.1364,-72.1693,36.16,terremoto,4.5,mb,"16km NNW of Cubara, Colombia"
2019-05-06T14:18:26Z,19.7263,90.8861,10,terremoto,4.9,mb,"194km SW of Teknaf, Bangladesh"
2019-05-06T14:13:48Z,-6.2299,154.8151,62.81,terremoto,5.2,mww,"74km W of Panguna, Papua New Guinea"
2019-05-06T13:47:12Z,-17.7153,-172.6721,10,terremoto,4.5,mb,"173km NE of Neiafu, Tonga"
2019-05-06T13:23:08Z,-3.1732,-12.281,10,terremoto,5.4,mb,North of Ascension Island
2019-05-06T13:07:01Z,-17.2635,-172.355,10,terremoto,4.5,mb,"208km SE of Hihifo, Tonga"
2019-05-06T12:16:48Z,9.8672,126.564,35,terremoto,4.5,mb,"45km ENE of General Luna, Philippines"
2019-05-06T11:22:26Z,-29.0939,-177.6798,10,terremoto,4.8,mb,"28km NE of Raoul Island, New Zealand"
2019-05-06T08:20:21Z,-5.4244,102.0552,35,terremoto,5.3,mb,"181km S of Bengkulu, Indonesia"
2019-05-06T06:26:40Z,-37.4261,-179.6324,10,terremoto,4.8,mb,"248km ENE of Gisborne, New Zealand"
2019-05-06T05:13:14Z,35.5477,140.8136,35,terremoto,4.5,mb,"20km S of Hasaki, Japan"
2019-05-06T04:38:35Z,49.3457,154.7915,78.5,terremoto,4.6,mb,"176km SSW of Severo-Kuril'sk, Russia"
2019-05-06T03:56:50Z,-19.251,169.4262,219.36,terremoto,5,mb,"37km NNE of Isangel, Vanuatu"
2019-05-06T03:56:44Z,4.1389,126.8892,33.24,terremoto,4.5,mb,"211km SE of Sarangani, Philippines"
2019-05-06T03:26:47Z,-49.0832,121.3171,10,terremoto,4.9,mb,Western Indian-Antarctic Ridge
2019-05-06T02:48:42Z,18.7345,120.8764,35,terremoto,5.5,mww,"21km NNE of Pagudpud, Philippines"
2019-05-05T23:59:57Z,1.4372,126.4107,50.5,terremoto,4.7,mb,"128km NW of Kota Ternate, Indonesia"
2019-05-05T20:12:42Z,12.7897,-88.5321,64.43,terremoto,4.6,mb,"54km S of Puerto El Triunfo, El Salvador"
2019-05-05T16:25:52Z,-1.9922,122.5255,10,terremoto,4.7,mb,"118km SSW of Luwuk, Indonesia"
2019-05-05T15:16:22Z,-6.9193,129.912,143.86,terremoto,4.6,mb,"192km NW of Saumlaki, Indonesia"
2019-05-05T13:55:33Z,4.1275,126.7054,40.86,terremoto,4.6,mb,"197km SE of Sarangani, Philippines"
2019-05-05T13:28:35Z,18.9025,146.5173,86.42,terremoto,4.6,mb,"90km E of Agrihan, Northern Mariana Islands"
2019-05-05T09:40:03Z,-5.9935,128.8325,308.07,terremoto,5,mww,"262km SSE of Amahusu, Indonesia"
2019-05-05T08:42:48Z,-6.3127,145.7661,121.98,terremoto,5.2,mww,"11km WSW of Kainantu, Papua New Guinea"
2019-05-05T06:54:48Z,41.9205,78.5558,10,terremoto,4.6,mb,"64km SSE of Karakol, Kyrgyzstan"
2019-05-05T06:46:57Z,40.6285,-127.3887,10,terremoto,4.8,mwr,"264km W of Ferndale, California"
2019-05-05T04:42:02Z,4.1568,126.8016,35,terremoto,4.6,mb,"202km SE of Sarangani, Philippines"
2019-05-05T01:56:07Z,8.8883,126.998,35,terremoto,5,mb,"76km E of Aras-asan, Philippines"
2019-05-04T23:51:59Z,4.2548,126.7295,35,terremoto,4.6,mb,"189km SE of Sarangani, Philippines"
2019-05-04T23:51:05Z,4.1023,126.7345,46.05,terremoto,4.7,mb,"201km SE of Sarangani, Philippines"
2019-05-04T23:39:20Z,5.1451,146.4213,10,terremoto,4.6,mb,"256km SSW of Satawal, Micronesia"
2019-05-04T22:32:12Z,8.7418,126.7186,42.07,terremoto,4.6,mb,"46km E of Marihatag, Philippines"
2019-05-04T21:34:12Z,43.8887,148.1114,35,terremoto,4.5,mb,"112km E of Shikotan, Russia"
2019-05-04T21:02:10Z,1.9846,123.6614,327,terremoto,5.7,mww,"122km N of Pimpi, Indonesia"
2019-05-04T19:51:44Z,38.7342,142.3235,37.24,terremoto,4.6,mwr,"64km SE of Ofunato, Japan"
2019-05-04T19:09:16Z,21.0426,145.7683,35,terremoto,4.6,mb,"106km ENE of Farallon de Pajaros, Northern Mariana Islands"
2019-05-04T17:57:31Z,-18.1517,-172.0173,10,terremoto,4.9,mb,"214km ENE of Neiafu, Tonga"
2019-05-04T16:40:25Z,43.1747,146.4311,59.39,terremoto,5.1,mww,"71km ESE of Nemuro, Japan"
2019-05-04T16:18:55Z,13.7272,145.2061,102.69,terremoto,4.5,mb,"39km ENE of Yigo Mayor's Office, Guam"
2019-05-04T11:51:23Z,21.68,119.7859,27.16,terremoto,4.5,mb,"105km WSW of Hengchun, Taiwan"
2019-05-04T11:04:02Z,26.1703,95.7795,100.29,terremoto,5.1,mww,"93km SE of Mon, India"
2019-05-04T07:58:09Z,-1.3552,69.5626,10,terremoto,4.6,mb,Carlsberg Ridge
2019-05-04T05:53:03Z,36.382,68.2985,43.3,terremoto,4.6,mwr,"28km ENE of Aibak, Afghanistan"
2019-05-04T04:33:43Z,-24.124,-115.8586,10,terremoto,5,mb,Southern East Pacific Rise
2019-05-04T02:41:27Z,38.4158,141.8812,10,terremoto,4.7,mb,"50km E of Ishinomaki, Japan"
2019-05-04T01:05:09Z,12.398,120.9106,10,terremoto,5.7,mww,"8km WSW of San Agustin, Philippines"
2019-05-04T00:07:47Z,-24.481,-115.8373,10,terremoto,5.4,mww,Southern East Pacific Rise
2019-05-03T22:46:14Z,4.4282,126.999,35,terremoto,4.7,mb,"201km ESE of Sarangani, Philippines"
2019-05-03T22:28:15Z,4.1406,126.7819,35,terremoto,4.7,mb,"202km SE of Sarangani, Philippines"
2019-05-03T22:22:36Z,4.0529,126.6134,35,terremoto,5.1,mww,"196km SE of Sarangani, Philippines"
2019-05-03T21:30:43Z,9.2998,-83.2187,10,terremoto,4.6,mb,"19km NE of Buenos Aires, Costa Rica"
2019-05-03T18:01:38Z,-59.126,148.9746,10,terremoto,4.7,mb,West of Macquarie Island
2019-05-03T17:41:57Z,-4.1568,136.3547,28.18,terremoto,4.7,mb,"26km S of Enarotali, Indonesia"
2019-05-03T14:48:24Z,-21.2017,-68.7556,113.91,terremoto,4.5,mb,"141km N of Calama, Chile"
2019-05-03T07:25:29Z,-6.928,160.1389,10,terremoto,6.2,mww,"147km NNE of Buala, Solomon Islands"
2019-05-03T07:18:26Z,-12.8305,45.4252,10,terremoto,4.8,mb,"15km ESE of Pamandzi, Mayotte"
2019-05-03T06:55:27Z,-24.2675,-115.9506,10,terremoto,5,mb,Southern East Pacific Rise
2019-05-03T04:57:06Z,5.456,126.1412,102.27,terremoto,4.6,mb,"75km SE of Caburan, Philippines"
2019-05-03T03:42:41Z,-29.9286,-177.9139,10,terremoto,5.1,mb,"73km S of Raoul Island, New Zealand"
2019-05-03T00:37:35Z,-20.7967,-178.6801,608.03,terremoto,4.6,mb,"16km S of Ndoi Island, Fiji"
2019-05-02T23:59:01Z,18.1865,120.0961,10,terremoto,4.5,mb,"43km WNW of Callaguip, Philippines"
2019-05-02T21:31:19Z,14.4572,55.9309,10,terremoto,5,mb,"286km NE of Tamrida, Yemen"
2019-05-02T21:07:33Z,-17.8151,-178.5432,542.77,terremoto,4.5,mb,"269km SE of Lambasa, Fiji"
2019-05-02T19:41:41Z,-22.6877,-179.5995,576.63,terremoto,4.6,mb,"244km SSW of Ndoi Island, Fiji"
2019-05-02T17:13:23Z,-21.3161,-70.7396,39.55,terremoto,4.5,mb,"102km NNW of Tocopilla, Chile"
2019-05-02T16:53:25Z,-6.3553,127.81,54.1,terremoto,4.6,mb,"293km S of Amahusu, Indonesia"
2019-05-02T11:12:00Z,46.4567,115.2289,10,terremoto,4.6,mb,"55km S of Dzuunbulag, Mongolia"
2019-05-02T11:06:07Z,-5.2501,-77.2677,26,terremoto,4.5,mb,"78km SW of Barranca, Peru"
2019-05-02T10:44:42Z,24.4715,121.9822,35,terremoto,4.5,mb,"19km SE of Su'ao, Taiwan"
2019-05-02T07:57:58Z,30.4709,103.1619,10,terremoto,4.7,mb,"29km WNW of Linqiong, China"
2019-05-02T07:03:22Z,14.7763,55.987,10,terremoto,4.5,mb,Owen Fracture Zone region
2019-05-02T02:29:26Z,-6.5062,148.7282,35,terremoto,4.9,mb,"95km E of Finschhafen, Papua New Guinea"
2019-05-01T23:33:14Z,-4.6068,153.1202,57.15,terremoto,4.9,mb,"18km SSE of Taron, Papua New Guinea"
2019-05-01T21:50:53Z,40.5072,-29.3991,10,terremoto,4.6,mb,"187km NE of Santa Cruz das Flores, Portugal"
2019-05-01T21:08:56Z,-59.0194,-25.6465,65.71,terremoto,4.7,mb,"50km E of Bristol Island, South Sandwich Islands"
2019-05-01T18:48:31Z,-7.4447,126.6778,337.23,terremoto,4.6,mb,"173km NE of Dili, East Timor"
2019-05-01T17:46:16Z,-17.0804,-173.9756,90.59,terremoto,4.5,mb,"127km S of Hihifo, Tonga"
2019-05-01T15:32:21Z,-16.9422,-171.7078,10,terremoto,5,mb,"244km ESE of Hihifo, Tonga"
2019-05-01T14:48:12Z,-58.7293,-25.3632,28.24,terremoto,4.9,mb,"74km ENE of Bristol Island, South Sandwich Islands"
2019-05-01T11:31:18Z,13.7877,-45.5404,10,terremoto,4.6,mb,Northern Mid-Atlantic Ridge
2019-05-01T00:41:22Z,-20.2421,-175.669,194.67,terremoto,4.8,mb,"110km NNW of Nuku`alofa, Tonga"
2019-04-30T23:55:09Z,-9.6654,148.5709,10,terremoto,4.9,mb,"106km SSE of Popondetta, Papua New Guinea"
2019-04-30T23:44:09Z,-2.6427,153.2714,10,terremoto,4.9,mb,"146km NE of Namatanai, Papua New Guinea"
2019-04-30T21:01:00Z,-9.5827,148.6186,10,terremoto,4.9,mb,"100km SSE of Popondetta, Papua New Guinea"
2019-04-30T20:52:22Z,15.3269,-46.4583,10,terremoto,5.4,mww,Northern Mid-Atlantic Ridge
2019-04-30T19:46:02Z,-18.496,-177.8161,538.41,terremoto,4.8,mb,"255km NNE of Ndoi Island, Fiji"
2019-04-30T15:43:46Z,36.5396,140.7863,55.98,terremoto,4.5,mb,"13km ESE of Hitachi, Japan"
2019-04-30T15:40:37Z,9.8433,126.6574,10,terremoto,4.6,mb,"55km E of General Luna, Philippines"
2019-04-30T08:06:51Z,23.6627,-63.0176,10,terremoto,4.6,mb,North Atlantic Ocean
2019-04-30T02:28:49Z,-6.2667,131.5867,56.77,terremoto,5.1,mww,"144km WSW of Tual, Indonesia"
2019-04-30T01:47:35Z,-56.0849,-27.5463,114.57,terremoto,5,mb,"71km NNW of Visokoi Island, South Georgia and the South Sandwich Islands"
2019-04-30T00:23:46Z,-8.0255,122.6947,221.1,terremoto,4.8,mww,"49km N of Palue, Indonesia"
2019-04-29T22:38:28Z,-56.2093,-27.372,94.95,terremoto,4.9,mb,"55km N of Visokoi Island, South Georgia and the South Sandwich Islands"
2019-04-29T22:26:36Z,-53.2276,-45.0536,10,terremoto,4.7,mb,South Atlantic Ocean
2019-04-29T19:44:44Z,7.3258,-36.2136,10,terremoto,4.5,mb,Central Mid-Atlantic Ridge
2019-04-29T18:02:43Z,39.391,26.28,10,terremoto,4.6,mb,"9km ENE of Mithymna, Greece"
2019-04-29T17:39:44Z,23.0333,94.8184,133.05,terremoto,4.7,mb,"78km SSE of Mawlaik, Burma"
2019-04-29T17:33:27Z,18.1151,120.0428,10,terremoto,4.8,mb,"47km W of Callaguip, Philippines"
2019-04-29T16:44:45Z,19.1314,145.1069,233.88,terremoto,4.5,mb,"71km NW of Agrihan, Northern Mariana Islands"
2019-04-29T16:35:08Z,-28.1444,-67.3963,129.82,terremoto,5,mb,"18km ESE of Tinogasta, Argentina"
2019-04-29T15:03:54Z,-15.1672,-173.2369,10,terremoto,4.6,mb,"102km NNE of Hihifo, Tonga"
2019-04-29T14:28:14Z,21.7521,144.2002,107.45,terremoto,5.3,mb,"152km NNW of Farallon de Pajaros, Northern Mariana Islands"
2019-04-29T14:19:52Z,10.8649,57.2283,10,terremoto,6.3,mww,Carlsberg Ridge
2019-04-29T14:07:13Z,-30.8006,-71.5382,40,terremoto,4.7,mb,"39km SW of Ovalle, Chile"
2019-04-29T13:36:58Z,9.6546,126.7356,10,terremoto,4.6,mb,"64km ESE of General Luna, Philippines"
2019-04-29T13:36:04Z,33.5157,81.5138,15.73,terremoto,4.5,mb,"128km NNE of Napug, China"
2019-04-29T13:22:51Z,44.867,-28.0298,10,terremoto,4.7,mb,Northern Mid-Atlantic Ridge
2019-04-29T08:07:40Z,-14.4458,-75.4838,38.22,terremoto,4.6,mb,"31km WNW of Rio Grande, Peru"
2019-04-29T07:16:17Z,-41.8852,79.8424,10,terremoto,4.8,mb,Mid-Indian Ridge
2019-04-29T05:24:00Z,34.5418,137.5425,313.88,terremoto,4.5,mb,"19km S of Kosai-shi, Japan"
2019-04-29T04:43:17Z,35.3706,27.6869,31.29,terremoto,4.8,mww,"45km ESE of Karpathos, Greece"
