nombre,lealtad,genero,noble,juego_de_tronos,choque_de_reyes,tormenta_de_espadas,festin_de_cuervos,danza_de_dragones,capitulo_presentacion,anio_muerte,libro_muerte,capitulo_muerte
Addam Marbrand,Lannister,masculino,1,1,1,1,1,0,56,NA,NA,NA
Aegon Frey (Jinglebell),Ninguna,masculino,1,0,0,1,0,0,49,299,3,51
Aegon Targaryen,Targaryen,masculino,1,0,0,0,0,1,5,NA,NA,NA
Adrack Humble,Greyjoy,masculino,1,0,0,0,0,1,20,300,5,20
Aemon Costayne,Lannister,masculino,1,0,0,1,0,0,NA,NA,NA,NA
Aemon Estermont,Baratheon,masculino,1,0,1,1,0,0,NA,NA,NA,NA
Aemon Targaryen (hijo de Maekar I),Guardia de la Noche,masculino,1,1,0,1,1,0,21,300,4,35
Aenys Frey,Ninguna,femenino,1,1,1,1,0,1,59,300,5,NA
Aeron Greyjoy,Greyjoy,masculino,1,0,1,0,1,0,11,NA,NA,NA
Aethan,Guardia de la Noche,masculino,0,0,0,1,0,0,0,NA,NA,NA
Aggar,Greyjoy,masculino,0,0,1,0,0,0,50,299,2,56
Aggo,Targaryen,masculino,0,1,1,1,0,1,54,NA,NA,NA
Alan of Rosby,Guardia de la Noche,masculino,1,0,1,1,0,1,18,300,5,4
Alayaya,Ninguna,femenino,0,0,1,0,0,0,15,NA,NA,NA
Albar Royce,Arryn,masculino,1,1,0,0,1,0,38,NA,NA,NA
Albett,Guardia de la Noche,masculino,0,1,0,0,0,0,26,NA,NA,NA
Alebelly,Stark,masculino,0,0,1,0,0,0,4,299,2,46
Alerie Hightower,Tyrell,femenino,1,0,0,1,1,0,6,NA,NA,NA
Alesander Staedmon,Baratheon,masculino,1,0,1,0,0,0,65,NA,NA,NA
Alester Florent,Baratheon,masculino,1,0,1,1,0,0,36,300,4,NA
Alia of Braavos,Ninguna,femenino,0,1,0,0,0,0,28,NA,NA,NA
Alla Tyrell,Tyrell,femenino,1,0,0,1,1,0,6,NA,NA,NA
Allard Seaworth,Baratheon,masculino,1,0,1,0,0,0,10,299,2,10
Alliser Thorne,Guardia de la Noche,masculino,0,1,1,1,0,1,19,NA,NA,NA
Alyn,Stark,masculino,0,1,0,0,0,0,12,298,3,34
Alyn Ambrose,Tyrell,masculino,1,0,1,0,1,0,59,NA,NA,NA
Alyn Estermont,Baratheon,masculino,1,0,1,1,0,0,NA,NA,NA,NA
Alyn Stackspear,Lannister,masculino,1,0,0,0,1,0,16,NA,NA,NA
Alys Karstark,Stark,femenino,1,0,0,0,0,1,44,NA,NA,NA
Alysane Mormont,Stark,femenino,1,0,0,0,0,1,35,NA,NA,NA
Alyx Frey,Ninguna,masculino,1,0,0,1,0,0,49,NA,NA,NA
Ambrode,Greyjoy,masculino,0,0,1,0,0,0,24,NA,NA,NA
Amory Lorch,Lannister,masculino,1,0,1,0,0,0,14,299,2,47
Andar Royce,Arryn,masculino,1,1,0,0,0,0,29,NA,NA,NA
Andrew Estermont,Baratheon,masculino,1,0,0,1,0,0,36,NA,NA,NA
Andrey Dalt,Martell,masculino,1,0,0,0,1,0,21,NA,NA,NA
Andrik,Greyjoy,masculino,1,0,0,0,1,0,19,NA,NA,NA
Anguy,Ninguna,masculino,0,1,0,1,0,0,30,NA,NA,NA
Antario Jast,Lannister,masculino,1,0,1,0,0,0,32,NA,NA,NA
Anvil Ryn,Ninguna,masculino,0,0,0,1,0,0,34,299,3,34
Anya Waynwood,Arryn,femenino,1,1,0,0,1,0,38,NA,NA,NA
Archibald Yronwood,Martell,masculino,1,0,0,0,0,1,6,NA,NA,NA
Ardrian Celtigar,Baratheon,masculino,1,0,1,1,0,0,10,NA,NA,NA
Areo Hotah,Martell,masculino,0,0,0,0,1,1,2,NA,NA,NA
Arianne Martell,Martell,femenino,1,0,0,0,1,1,2,NA,NA,NA
Arneld,Lannister,masculino,0,0,1,0,0,0,59,NA,NA,NA
Arnolf Karstark,Stark,masculino,1,0,0,0,0,1,3,NA,NA,NA
Aron Santagar,Lannister,masculino,1,1,1,0,0,0,18,299,2,41
Arron,Guardia de la Noche,masculino,0,0,0,1,0,1,75,NA,NA,NA
Arron Qorgyle,Martell,masculino,1,0,0,1,0,0,38,NA,NA,NA
Arryk (Guardia),Tyrell,masculino,0,0,0,1,1,0,6,NA,NA,NA
Arson,Salvajes,masculino,0,0,0,1,0,0,26,NA,NA,NA
Arthor Karstark,Stark,masculino,1,0,0,0,0,1,62,NA,NA,NA
Arwyn Frey,Ninguna,femenino,1,0,0,1,0,0,49,NA,NA,NA
Arwyn Oakheart,Tyrell,femenino,1,0,1,0,0,0,22,NA,NA,NA
Arya Stark,Stark,femenino,1,1,1,1,1,1,2,NA,NA,NA
Arys Oakheart,Lannister,masculino,1,1,1,0,1,0,57,300,4,21
Asha Greyjoy,Greyjoy,femenino,1,0,1,0,1,1,11,NA,NA,NA
Aurane Waters,Lannister,masculino,0,0,1,0,1,0,65,NA,NA,NA
Axell Florent,Baratheon,masculino,1,0,1,1,0,1,0,NA,NA,NA
Azzak,Ninguna,masculino,1,0,0,0,0,1,2,NA,NA,NA
Ballabar,Lannister,masculino,0,0,1,0,0,0,4,NA,NA,NA
Balon Swann,Lannister,masculino,1,1,1,1,1,1,29,NA,NA,NA
Bannen,Guardia de la Noche,masculino,0,0,0,1,0,0,0,299,3,33
Barbrey Dustin,Stark,femenino,1,0,0,0,0,1,26,NA,NA,NA
Barra,Ninguna,femenino,0,1,0,0,0,0,35,299,2,39
Barristan Selmy,Targaryen,masculino,1,1,1,1,0,1,15,NA,NA,NA
Barsena,Ninguna,femenino,0,0,0,0,0,1,11,300,5,52
Barth (brewer),Stark,masculino,0,0,1,0,0,0,50,NA,NA,NA
Bass,Guardia de la Noche,masculino,0,1,0,0,0,0,52,NA,NA,NA
Bayard Norcross,Tyrell,masculino,1,0,0,0,1,0,28,NA,NA,NA
Bearded Ben,Guardia de la Noche,masculino,0,0,0,0,1,0,NA,NA,NA,NA
Becca,Arryn,femenino,0,1,0,0,0,0,12,NA,NA,NA
Becca the Baker,Ninguna,femenino,0,0,0,1,0,0,34,299,3,34
Bedwyck,Guardia de la Noche,masculino,0,0,1,1,0,1,13,NA,NA,NA
Belaquo,Ninguna,masculino,0,0,0,0,0,1,52,NA,NA,NA
Bella,Ninguna,femenino,0,0,0,1,0,0,29,NA,NA,NA
Bellegere Otherys (courtesan),Ninguna,femenino,1,0,0,0,1,0,34,NA,NA,NA
Bellonara Otherys,Ninguna,femenino,1,0,0,0,1,0,34,NA,NA,NA
Belwas,Targaryen,masculino,0,0,1,1,0,1,63,NA,NA,NA
Ben,Ninguna,masculino,0,0,0,0,1,0,37,NA,NA,NA
Ben Bones,Ninguna,masculino,0,0,0,0,0,1,12,NA,NA,NA
Ben Plumm,Ninguna,masculino,0,0,0,1,0,1,57,NA,NA,NA
Benedar Belmore,Arryn,masculino,1,0,0,0,1,0,23,NA,NA,NA
Benfred Tallhart,Stark,masculino,1,0,1,0,0,0,16,299,2,37
Benfrey Frey,Ninguna,masculino,1,0,0,1,0,0,51,299,5,51
Benjen Stark,Guardia de la Noche,masculino,1,1,0,0,0,0,5,298,1,24
Bennet,Ninguna,masculino,0,0,0,0,1,0,31,300,4,31
Beric Dondarrion,Ninguna,masculino,1,1,0,1,0,0,42,300,4,27
Bessa (Winterfell),Stark,femenino,0,1,0,0,0,0,37,NA,NA,NA
Beth Cassel,Stark,femenino,1,1,1,0,0,0,7,NA,NA,NA
Bhakaz zo Loraq,Ninguna,masculino,1,0,0,0,0,1,2,NA,NA,NA
Big Boil,Salvajes,masculino,0,0,0,1,0,0,41,NA,NA,NA
Big Walder Frey,Ninguna,masculino,1,1,1,0,0,1,NA,NA,NA,NA
Biter,Ninguna,masculino,0,0,1,0,1,0,1,300,4,37
Black Bernarr,Guardia de la Noche,masculino,0,0,0,1,0,1,18,NA,NA,NA
Black Walder Frey,Ninguna,masculino,1,0,0,1,0,0,35,NA,NA,NA
Blane,Guardia de la Noche,masculino,0,0,1,0,0,0,23,NA,NA,NA
Bloodbeard,Ninguna,masculino,0,0,0,0,0,1,25,NA,NA,NA
Blue Bard,Tyrell,masculino,0,0,0,0,1,0,12,NA,NA,NA
Bonifer Hasty,Lannister,masculino,1,0,1,0,1,0,65,NA,NA,NA
Borcas,Guardia de la Noche,masculino,0,1,0,0,0,0,48,NA,NA,NA
Boremund Harlaw,Greyjoy,masculino,1,0,0,0,1,0,11,NA,NA,NA
Boros Blount,Baratheon,masculino,1,1,1,1,1,1,8,NA,NA,NA
Borroq,Salvajes,masculino,0,0,0,0,0,1,0,NA,NA,NA
Bowen Marsh,Guardia de la Noche,masculino,0,1,0,1,0,1,21,NA,NA,NA
Bran Stark,Stark,masculino,1,1,1,1,0,1,1,NA,NA,NA
Brandon Norrey,Stark,masculino,1,0,0,0,0,1,49,NA,NA,NA
Brenett,Ninguna,masculino,0,0,0,1,0,0,49,NA,NA,NA
Brienne of Tarth,Stark,femenino,1,0,1,1,1,1,22,NA,NA,NA
Bronn,Lannister,masculino,1,1,1,1,0,0,28,NA,NA,NA
Brown Bernarr,Guardia de la Noche,masculino,0,0,1,1,0,0,23,299,3,33
Brusco,Ninguna,masculino,0,0,0,0,1,1,22,NA,NA,NA
Bryan Fossoway,Baratheon,masculino,1,1,1,0,0,0,42,299,2,62
Bryce Caron,Baratheon,masculino,1,1,1,0,0,0,29,299,2,65
Bryen,Ninguna,masculino,0,0,0,1,0,0,68,NA,NA,NA
Bryen Farring,Baratheon,masculino,1,0,1,0,0,1,10,300,5,62
Brynden Rivers,Targaryen,masculino,1,0,0,0,0,1,34,NA,NA,NA
Brynden Tully,Tully,masculino,1,1,1,1,1,0,2,NA,NA,NA
Burton Crakehall,Lannister,masculino,1,1,1,0,0,0,55,299,2,7
Butterbumps,Tyrell,masculino,0,0,0,1,0,0,6,NA,NA,NA
Byam Flint,Guardia de la Noche,masculino,0,0,0,1,0,0,33,299,3,33
Byan Votyris,Ninguna,masculino,0,1,0,0,0,0,54,NA,NA,NA
Byron,Arryn,masculino,0,0,0,0,1,0,41,NA,NA,NA
Cadwyn,Lannister,masculino,0,0,1,0,0,0,47,NA,NA,NA
Caleotte,Martell,masculino,0,0,0,0,1,1,2,NA,NA,NA
Catelyn Tully,Stark,femenino,1,1,1,1,0,0,2,299,3,51
Cayn,Stark,masculino,0,1,0,0,0,0,4,298,1,49
Cellador,Guardia de la Noche,masculino,0,1,0,1,0,1,48,NA,NA,NA
Cersei Frey,Ninguna,femenino,1,0,0,1,0,0,49,NA,NA,NA
Cersei Lannister,Lannister,femenino,1,1,1,1,1,1,4,NA,NA,NA
Chataya,Ninguna,femenino,0,0,1,0,0,0,15,NA,NA,NA
Chayle,Stark,masculino,0,1,1,0,0,0,9,299,2,50
Chella,Lannister,femenino,0,1,1,1,0,0,56,NA,NA,NA
Chett,Guardia de la Noche,masculino,0,1,1,1,0,0,41,299,3,46
Chiggen,Lannister,masculino,0,1,0,0,0,0,31,298,1,42
Chiswyck,Ninguna,masculino,0,0,1,0,0,0,26,299,2,30
Clayton Suggs,Baratheon,masculino,0,0,0,0,0,1,17,NA,NA,NA
Clement Piper,Tully,masculino,1,0,0,0,1,0,38,NA,NA,NA
Cleos Frey,Ninguna,masculino,1,0,1,1,0,0,7,299,3,21
Cley Cerwyn,Stark,masculino,1,0,1,0,0,0,16,299,2,66
Clubfoot Karl,Guardia de la Noche,masculino,0,0,0,1,0,1,0,300,5,4
Clydas,Guardia de la Noche,masculino,0,1,0,1,1,1,41,NA,NA,NA
Cohollo,Ninguna,masculino,0,1,0,0,0,0,11,298,1,64
Coldhands,Ninguna,masculino,0,0,0,1,0,1,46,NA,NA,NA
Colemon,Arryn,masculino,0,1,0,1,1,0,34,NA,NA,NA
Colen of Greenpools,Baratheon,masculino,1,0,1,0,0,0,22,NA,NA,NA
Conn,Lannister,masculino,0,1,0,0,0,0,42,298,1,62
Conwy,Guardia de la Noche,masculino,0,0,1,0,0,0,6,NA,NA,NA
Corliss Penny,Baratheon,masculino,0,0,0,0,0,1,26,NA,NA,NA
Cortnay Penrose,Baratheon,masculino,1,0,1,0,0,0,31,299,2,42
Cotter Pyke,Guardia de la Noche,masculino,0,0,0,1,0,0,48,NA,NA,NA
Cragorn,Greyjoy,masculino,0,0,0,0,1,0,19,300,4,29
Craster,Ninguna,masculino,0,0,1,1,0,0,23,299,3,33
Cregan Karstark,Stark,masculino,1,0,0,0,0,1,44,NA,NA,NA
Creighton Longbough,Ninguna,masculino,0,0,0,0,1,0,4,NA,NA,NA
Cressen,Baratheon,masculino,0,0,1,0,0,0,0,299,1,0
Cuger,Guardia de la Noche,masculino,0,1,0,0,0,0,NA,NA,NA,NA
Cutjack,Ninguna,masculino,0,0,1,0,0,0,5,NA,NA,NA
Daario Naharis,Targaryen,masculino,0,0,0,1,0,1,42,NA,NA,NA
Dacey Mormont,Stark,femenino,1,1,0,1,0,0,63,299,3,51
Daemon Arena,Martell,masculino,0,0,0,1,0,1,38,NA,NA,NA
Daenerys Targaryen,Targaryen,femenino,1,1,1,1,0,1,3,NA,NA,NA
Dagon Codd,Greyjoy,masculino,1,0,0,0,0,1,20,300,5,20
Dagmer,Greyjoy,masculino,0,0,1,0,0,0,11,NA,NA,NA
Dalbridge,Guardia de la Noche,masculino,0,0,1,0,0,0,43,299,2,53
Dale Seaworth,Baratheon,masculino,1,0,1,0,0,0,10,299,2,58
Dalla,Salvajes,femenino,1,0,0,1,0,0,73,300,3,76
Dalla (Dragonstone),Baratheon,femenino,0,0,1,0,0,0,0,NA,NA,NA
Damon Dance-for-Me,Ninguna,masculino,0,0,0,0,0,1,12,NA,NA,NA
Damon Vypren,Ninguna,masculino,1,0,0,1,0,0,49,NA,NA,NA
Dancy,Ninguna,femenino,0,0,1,0,0,0,29,NA,NA,NA
Danwell Frey,Ninguna,masculino,1,1,1,1,1,0,59,NA,NA,NA
Dareon,Guardia de la Noche,masculino,0,1,0,0,1,0,19,300,4,34
Daryn Hornwood,Stark,masculino,1,1,0,0,0,0,63,298,1,63
Daven Lannister,Lannister,masculino,1,0,0,0,1,0,12,NA,NA,NA
Davos Seaworth,Baratheon,masculino,1,0,1,1,0,1,0,NA,NA,NA
Del,Salvajes,masculino,0,0,0,1,0,0,41,299,3,41
Delp,Tully,masculino,0,0,1,1,0,0,39,299,3,20
Denys Drumm,Greyjoy,masculino,1,0,0,0,1,0,19,NA,NA,NA
Denys Mallister,Guardia de la Noche,masculino,1,0,0,1,0,0,48,NA,NA,NA
Dermot,Baratheon,masculino,0,0,1,0,1,0,65,NA,NA,NA
Desmond,Stark,masculino,0,1,0,0,0,0,1,298,1,50
Desmond Grell,Tully,masculino,1,0,1,1,1,0,7,NA,NA,NA
Devan Seaworth,Baratheon,masculino,1,0,1,1,0,1,10,NA,NA,NA
Deziel Dalt,Martell,masculino,1,0,0,1,0,1,38,NA,NA,NA
Dhazzar,Ninguna,masculino,1,0,0,0,0,1,2,NA,NA,NA
Dick Crabb,Ninguna,masculino,0,0,0,0,1,0,9,300,4,20
Dick Follard,Guardia de la Noche,masculino,0,0,0,1,0,0,41,299,3,55
Dickon Manwoody,Martell,masculino,1,0,0,1,0,0,38,NA,NA,NA
Dirk,Guardia de la Noche,masculino,0,0,0,1,0,1,0,300,5,4
Dobber,Ninguna,masculino,0,0,1,0,0,0,5,299,2,14
Donal Noye,Guardia de la Noche,masculino,0,1,1,1,0,0,19,300,3,64
Donella Hornwood,Stark,femenino,1,0,1,0,0,0,16,299,2,35
Donnel Drumm,Greyjoy,masculino,1,0,0,0,1,0,19,NA,NA,NA
Donnel Haigh,Ninguna,masculino,1,0,0,1,0,0,49,NA,NA,NA
Donnel Hill,Guardia de la Noche,masculino,0,0,0,1,0,1,0,NA,NA,NA
Donnel Locke,Stark,masculino,1,0,1,1,0,0,25,299,3,51
Donnel Waynwood,Tully,masculino,1,1,0,0,0,0,34,NA,NA,NA
Donnis,Stark,masculino,0,1,0,0,0,0,7,NA,NA,NA
Dontos Hollard,Ninguna,masculino,1,1,1,1,0,0,57,300,3,61
Donyse,Ninguna,femenino,0,0,0,1,0,0,72,NA,NA,NA
Doran Martell,Martell,masculino,1,0,0,0,1,1,2,NA,NA,NA
Doreah,Targaryen,femenino,0,1,1,0,0,0,11,299,2,12
Dornish Dilly,Guardia de la Noche,masculino,0,0,0,1,0,0,55,299,3,55
Draqaz,Ninguna,masculino,1,0,0,0,0,1,2,NA,NA,NA
Drennan,Greyjoy,masculino,0,0,1,0,0,0,50,299,2,50
Drogo,Targaryen,masculino,1,1,0,0,0,0,3,298,1,64
Dudley,Stark,masculino,0,0,0,1,0,0,34,299,3,34
Dunsen,Ninguna,masculino,0,0,1,0,0,0,26,NA,NA,NA
Dunstan Drumm,Greyjoy,masculino,1,0,0,0,1,0,19,NA,NA,NA
Duram Bar Emmon,Baratheon,masculino,1,0,1,0,0,0,0,NA,NA,NA
Dykk Harlaw,Greyjoy,masculino,0,0,1,0,0,0,66,299,2,66
Dywen,Guardia de la Noche,masculino,0,1,1,1,0,1,48,NA,NA,NA
Easy,Guardia de la Noche,masculino,0,0,0,1,0,0,55,300,3,55
Ebben,Guardia de la Noche,masculino,0,0,1,0,0,0,43,299,2,68
Eddard Karstark,Stark,masculino,1,1,0,0,0,0,53,298,1,63
Eddard Stark,Stark,masculino,1,1,0,0,0,0,1,299,1,65
Eddison Tollett,Guardia de la Noche,masculino,0,0,1,1,1,1,13,NA,NA,NA
Edmure Tully,Tully,masculino,1,1,1,1,1,0,28,NA,NA,NA
Edric Dayne,Ninguna,masculino,1,0,0,1,0,0,34,NA,NA,NA
Edric Storm,Baratheon,masculino,0,0,0,1,0,0,10,NA,NA,NA
Edwyn Frey,Ninguna,masculino,1,0,0,1,1,0,38,NA,NA,NA
Eggon,Ninguna,masculino,0,0,1,0,0,0,30,NA,NA,NA
Elder Brother,Ninguna,masculino,0,0,0,0,1,0,31,NA,NA,NA
Eldred Codd,Greyjoy,masculino,1,0,0,0,1,0,18,NA,NA,NA
Eleyna Westerling,Stark,femenino,1,0,0,1,1,0,45,NA,NA,NA
Elinor Tyrell,Tyrell,femenino,1,0,0,1,1,0,6,NA,NA,NA
Ellaria Arena,Martell,femenino,1,0,0,1,0,1,38,NA,NA,NA
Elmar Frey,Ninguna,masculino,1,1,1,1,0,0,59,NA,NA,NA
Elyas Willum,Baratheon,masculino,1,0,1,0,0,0,22,NA,NA,NA
Emmon Cuy,Baratheon,masculino,1,0,1,0,0,0,33,299,2,42
Emmon Frey,Lannister,masculino,1,1,0,0,1,0,29,NA,NA,NA
Emmond,Greyjoy,masculino,0,0,0,0,1,0,1,NA,NA,NA
Emrick,Guardia de la Noche,masculino,0,0,0,1,0,1,75,NA,NA,NA
Endehar,Greyjoy,masculino,0,0,1,0,0,0,56,NA,NA,NA
Elwood,Tully,masculino,0,0,0,1,0,0,20,299,3,20
Endrew Tarth,Guardia de la Noche,masculino,0,1,0,1,0,0,60,299,3,69
Enger,Tully,masculino,0,0,1,0,0,0,39,NA,NA,NA
Eon Hunter,Arryn,masculino,1,1,0,1,0,0,38,300,3,80
Erik Ironmaker,Greyjoy,masculino,1,0,0,0,1,0,19,NA,NA,NA
Ermesande Hayford,Ninguna,femenino,1,0,1,1,1,0,2,NA,NA,NA
Eroeh,Targaryen,masculino,0,1,0,0,0,0,61,298,1,68
Erreck,Ninguna,masculino,0,0,0,1,0,0,12,NA,NA,NA
Erryk (Guardia),Tyrell,masculino,0,0,0,1,1,0,6,NA,NA,NA
Esgred,Greyjoy,masculino,0,0,1,0,0,0,24,NA,NA,NA
Ezzara,Targaryen,femenino,0,0,0,0,0,1,30,NA,NA,NA
Falia Flowers,Greyjoy,femenino,0,0,0,0,1,0,29,NA,NA,NA
Falyse Stokeworth,Lannister,femenino,1,0,1,0,1,0,2,300,5,36
Farlen,Stark,masculino,0,0,1,0,0,0,46,299,2,56
Fat Walda Frey,Ninguna,femenino,1,0,0,1,0,1,37,NA,NA,NA
Flement Brax,Lannister,masculino,1,1,0,1,1,0,56,NA,NA,NA
Fletcher Will,Ninguna,masculino,0,0,0,1,0,0,34,299,3,34
Fogo,Ninguna,masculino,1,1,0,0,0,0,46,298,1,61
Forley Prester,Lannister,masculino,1,0,0,0,1,0,33,NA,NA,NA
Fornio,Guardia de la Noche,masculino,0,0,0,1,0,0,33,NA,NA,NA
Frenken,Lannister,masculino,0,0,1,1,0,0,15,NA,NA,NA
Frenya,Salvajes,femenino,0,0,0,0,0,1,37,300,5,69
Frynne,Martell,femenino,0,0,0,0,1,0,40,NA,NA,NA
Gage,Stark,masculino,1,0,1,0,0,0,4,NA,NA,NA
Galazza Galare,Ninguna,femenino,1,0,0,0,0,1,23,NA,NA,NA
Galbart Glover,Stark,masculino,1,1,0,1,0,0,55,NA,NA,NA
Gared,Guardia de la Noche,masculino,0,1,0,0,0,0,0,297,1,1
Garin (Orphan),Martell,masculino,0,0,0,0,1,0,21,NA,NA,NA
Gariss,Stark,masculino,0,0,1,0,0,0,50,NA,NA,NA
Garlan Tyrell,Tyrell,masculino,1,0,1,1,1,0,62,NA,NA,NA
Garrett Paege,Lannister,masculino,1,0,0,0,1,0,30,NA,NA,NA
Garse Goodbrook,Ninguna,masculino,1,0,0,1,0,0,NA,299,3,NA
Garth Greyfeather,Guardia de la Noche,masculino,0,0,0,1,0,1,48,300,5,31
Garth of Greenaway,Guardia de la Noche,masculino,0,0,0,1,0,1,33,300,5,4
Garth of Oldtown,Guardia de la Noche,masculino,0,0,0,1,0,0,33,299,3,33
Gawen Westerling,Stark,masculino,1,0,0,0,1,0,33,NA,NA,NA
Gelmarr,Greyjoy,masculino,0,0,1,0,0,0,50,299,2,56
Gendry,Ninguna,masculino,0,1,1,1,1,0,27,NA,NA,NA
Genna Lannister,Lannister,femenino,1,0,0,0,1,0,33,NA,NA,NA
Gerald Gower,Baratheon,masculino,1,0,0,1,0,0,54,NA,NA,NA
Gerold Dayne,Martell,masculino,1,0,0,0,1,0,13,NA,NA,NA
Gerren,Ninguna,masculino,0,0,1,0,0,0,14,299,2,19
Gerris Drinkwater,Martell,masculino,1,0,0,0,0,1,6,NA,NA,NA
Gevin Harlaw,Greyjoy,masculino,1,0,1,0,0,0,37,299,2,66
Ghael,Ninguna,masculino,0,0,0,1,0,1,71,NA,NA,NA
Fantasma of High Heart,Ninguna,femenino,0,0,0,1,0,0,22,NA,NA,NA
Gillam,Ninguna,masculino,0,0,0,0,1,0,31,NA,NA,NA
Gilly,Salvajes,femenino,0,0,1,1,1,1,23,NA,NA,NA
Gilwood Hunter,Arryn,masculino,1,0,0,1,0,0,80,NA,NA,NA
Gladden Wylde,Stark,masculino,1,1,0,0,0,0,43,298,1,55
Glendon Hewett,Guardia de la Noche,masculino,0,0,0,1,0,0,69,NA,NA,NA
Goady,Guardia de la Noche,masculino,0,0,0,1,0,0,0,NA,NA,NA
Godric Borrell,Ninguna,masculino,1,0,0,0,0,1,9,NA,NA,NA
Godry Farring,Baratheon,masculino,1,0,0,0,0,1,3,NA,NA,NA
Godwyn,Lannister,masculino,0,1,0,0,0,0,32,NA,NA,NA
Goghor,Ninguna,masculino,0,0,0,0,0,1,52,NA,NA,NA
Gormond Goodbrother,Greyjoy,masculino,1,0,0,0,1,0,1,NA,NA,NA
Gorold Goodbrother,Greyjoy,masculino,1,0,0,0,1,0,1,NA,NA,NA
Gran Goodbrother,Greyjoy,masculino,1,0,0,0,1,0,1,NA,NA,NA
Grazdan,Ninguna,masculino,1,0,0,1,0,0,27,299,3,27
Grazdan mo Eraz,Ninguna,masculino,1,0,0,1,0,0,42,NA,NA,NA
Grazdan mo Ullhor,Ninguna,masculino,1,0,0,1,0,0,27,299,3,27
Grazdan zo Galare,Ninguna,masculino,1,0,0,0,0,1,2,NA,NA,NA
Grazdar zo Galare,Ninguna,masculino,1,0,0,0,0,1,2,NA,NA,NA
Gregor Clegane,Lannister,masculino,1,1,1,1,0,0,29,300,4,72
Grenn,Guardia de la Noche,masculino,0,1,1,1,1,1,19,NA,NA,NA
Gusano Gris,Targaryen,masculino,0,0,0,1,0,1,42,NA,NA,NA
Greydon Goodbrother,Greyjoy,masculino,1,0,0,0,1,0,1,NA,NA,NA
Grigg,Salvajes,masculino,0,0,0,1,0,0,30,NA,NA,NA
Grisel,Ninguna,femenino,0,0,0,1,0,0,68,NA,NA,NA
Groleo,Targaryen,masculino,0,0,0,1,0,1,NA,300,5,59
Grubbs,Guardia de la Noche,masculino,0,0,0,1,0,1,0,300,5,4
Grunt,Ninguna,masculino,0,0,0,0,0,1,12,NA,NA,NA
Gueren,Guardia de la Noche,masculino,0,1,0,0,0,0,38,NA,NA,NA
Guncer Sunglass,Baratheon,masculino,1,0,1,1,0,0,0,299,3,10
Guyard Morrigen,Baratheon,masculino,1,0,1,0,0,0,22,299,2,62
Gwin Goodbrother,Greyjoy,femenino,1,0,0,0,1,0,1,NA,NA,NA
Gylbert Farwynd,Greyjoy,masculino,1,0,0,0,1,0,19,NA,NA,NA
Gyles Farwynd,Greyjoy,masculino,1,0,0,0,1,0,19,NA,NA,NA
Gyles Grafton,Arryn,masculino,1,0,0,0,1,0,41,NA,NA,NA
Gyles Rosby,Lannister,masculino,1,1,1,1,1,0,57,300,4,39
Gynir,Greyjoy,masculino,0,0,1,0,0,0,50,299,2,56
Gysella Goodbrother,Greyjoy,femenino,1,0,0,0,1,0,1,NA,NA,NA
Haggo,Ninguna,masculino,0,1,0,0,0,0,11,298,1,64
Hairy Hal,Guardia de la Noche,masculino,0,0,0,1,1,1,55,300,5,31
Hake,Guardia de la Noche,masculino,0,1,1,1,0,0,52,299,3,46
Halder,Guardia de la Noche,masculino,0,1,0,1,0,0,19,NA,NA,NA
Haldon,Targaryen,masculino,0,0,0,0,0,1,8,NA,NA,NA
Hali,Salvajes,femenino,0,1,0,0,0,0,37,298,1,37
Hallis Mollen,Stark,masculino,1,1,1,0,0,0,14,NA,NA,NA
Hallyne,Lannister,masculino,0,0,1,0,1,0,17,NA,NA,NA
Halys Hornwood,Stark,masculino,1,1,0,0,0,0,53,298,1,62
Hamish the Harper,Ninguna,masculino,0,0,0,1,1,0,32,300,5,43
Hareth (Mole's Town),Guardia de la Noche,masculino,0,0,0,1,0,1,64,NA,NA,NA
Harghaz,Ninguna,masculino,0,0,0,0,0,1,52,300,5,70
Harma,Salvajes,femenino,1,0,0,1,0,0,0,300,3,75
Harmund Sharp,Greyjoy,masculino,1,0,0,0,1,0,19,NA,NA,NA
Harmune,Guardia de la Noche,masculino,0,0,0,0,0,1,78,NA,NA,NA
Harra,Ninguna,femenino,0,0,1,0,0,0,26,299,2,64
Harrag Sharp,Greyjoy,masculino,1,0,1,0,1,0,66,299,5,19
Harras Harlaw,Greyjoy,masculino,1,0,0,0,1,0,11,NA,NA,NA
Harwood Fell,Baratheon,masculino,1,0,0,0,0,1,17,300,5,42
Hazzea,Ninguna,femenino,0,0,0,0,0,1,11,300,5,11
Harrion Karstark,Stark,masculino,1,1,1,0,0,0,53,NA,NA,NA
Harry Strickland,Ninguna,masculino,0,0,0,0,0,1,24,NA,NA,NA
Harwin,Stark,masculino,0,1,0,1,1,0,1,NA,NA,NA
Harwood Stout,Stark,masculino,1,0,0,0,0,1,32,NA,NA,NA
Harys Haigh,Ninguna,masculino,1,0,1,1,0,0,64,NA,NA,NA
Harys Swyft,Lannister,masculino,1,1,1,1,1,1,69,NA,NA,NA
Helman Tallhart,Stark,masculino,1,1,0,1,0,0,55,299,3,37
Henly (Maester),Ninguna,masculino,0,0,0,0,0,1,37,NA,NA,NA
Heward,Stark,masculino,0,1,0,0,0,0,35,298,1,35
Gorri√≥n Supremo,Ninguna,masculino,0,0,0,0,1,1,4,NA,NA,NA
Hobb,Guardia de la Noche,masculino,0,1,0,1,0,1,52,NA,NA,NA
Hobber Redwyne,Tyrell,masculino,1,1,1,1,1,0,27,NA,NA,NA
Hod,Ninguna,masculino,0,0,1,0,0,0,5,NA,NA,NA
Hodor,Stark,masculino,0,1,1,1,0,1,24,NA,NA,NA
Holger,Ninguna,masculino,0,0,1,0,0,0,49,NA,NA,NA
Holly,Salvajes,femenino,0,0,0,0,0,1,37,300,5,69
Hop-Robin,Guardia de la Noche,masculino,0,0,0,1,0,1,75,NA,NA,NA
Horas Redwyne,Tyrell,masculino,1,1,1,0,1,0,27,NA,NA,NA
Horton Redfort,Arryn,masculino,1,0,0,0,1,0,23,NA,NA,NA
Hosteen Frey,Ninguna,masculino,1,1,1,1,0,1,59,NA,NA,NA
Hoster Tully,Tully,masculino,1,1,1,1,0,0,71,299,3,35
Pastel Caliente,Ninguna,masculino,0,0,1,1,0,0,1,NA,NA,NA
Hother Umber,Stark,masculino,1,0,1,0,0,1,16,NA,NA,NA
Howd Wanderer,Salvajes,masculino,1,0,0,0,0,1,58,NA,NA,NA
Hubard Rambton,Baratheon,masculino,1,0,1,0,0,0,10,299,5,10
Hugh,Arryn,masculino,0,1,0,0,0,0,25,298,1,29
Hugo Vance,Tully,masculino,1,0,0,0,1,0,30,NA,NA,NA
Hullen,Stark,masculino,0,1,0,0,0,0,1,298,1,50
Humfrey Swyft,Lannister,masculino,1,0,0,0,1,0,16,NA,NA,NA
Husband,Ninguna,masculino,0,0,0,1,0,0,11,NA,NA,NA
Hyle Hunt,Ninguna,masculino,1,0,0,0,1,0,14,300,4,42
Iggo,Ninguna,masculino,0,0,0,1,0,0,3,299,3,3
Illyrio Mopatis,Targaryen,masculino,1,1,0,0,0,1,3,NA,NA,NA
Ilyn Payne,Lannister,masculino,1,1,1,1,1,0,15,NA,NA,NA
Imry Florent,Baratheon,masculino,1,0,1,1,0,0,58,299,3,4
Iron Emmett,Guardia de la Noche,masculino,0,0,0,1,0,1,79,NA,NA,NA
Irri,Targaryen,femenino,0,1,1,1,0,1,11,NA,NA,NA
Ithoke,Ninguna,masculino,0,0,0,0,0,1,11,NA,NA,NA
Jacelyn Bywater,Lannister,femenino,1,0,1,0,0,0,8,299,2,19
Jack Bulwer,Guardia de la Noche,masculino,0,0,0,1,1,1,64,300,5,31
Jack-Be-Lucky,Ninguna,masculino,0,0,0,1,1,0,17,NA,NA,NA
Jacks,Stark,masculino,0,1,1,0,0,0,22,NA,NA,NA
Jaggot,Ninguna,masculino,0,1,0,0,0,0,42,NA,NA,NA
Jaime Lannister,Lannister,masculino,1,1,1,1,1,1,5,NA,NA,NA
Jalabhar Xho,Ninguna,masculino,1,1,1,1,1,0,29,NA,NA,NA
Janna Tyrell,Tyrell,femenino,1,0,0,1,1,0,6,NA,NA,NA
Janos Slynt,Ninguna,masculino,1,1,1,1,0,1,27,300,5,7
Jaqen H'ghar,Ninguna,masculino,0,0,1,0,1,0,5,NA,NA,NA
Jared Frey,Ninguna,masculino,1,1,1,0,0,1,59,300,5,37
Jaremy Rykker,Guardia de la Noche,masculino,1,1,0,0,0,0,21,298,5,60
Jarl,Salvajes,masculino,0,0,0,1,0,0,7,299,3,26
Jarman Buckwell,Guardia de la Noche,masculino,0,0,1,0,0,1,13,300,5,21
Jason Mallister,Stark,masculino,1,1,0,1,0,0,28,NA,NA,NA
Jate,Lannister,masculino,0,0,0,0,1,0,44,NA,4,44
Jate Blackberry,Baratheon,masculino,0,0,0,1,0,0,10,NA,3,10
Jeor Mormont,Guardia de la Noche,masculino,1,1,1,1,0,0,48,299,3,33
Jeren,Guardia de la Noche,masculino,0,1,0,0,0,0,19,NA,NA,NA
Jeyne Poole,Stark,femenino,1,1,0,1,0,1,7,NA,NA,NA
Jeyne Westerling,Stark,femenino,1,0,0,1,1,0,14,NA,NA,NA
Jhaqo,Ninguna,masculino,1,1,0,0,0,1,68,NA,NA,NA
Jhezane,Ninguna,femenino,1,0,0,0,0,1,2,NA,NA,NA
Jhiqui,Targaryen,femenino,0,1,1,1,0,1,11,NA,NA,NA
Jhogo,Targaryen,masculino,0,1,1,1,0,1,23,NA,NA,NA
Jocelyn Swyft,Lannister,femenino,1,0,0,0,1,1,3,NA,NA,NA
Jodge,Lannister,masculino,0,0,1,0,0,0,30,NA,NA,NA
Jojen Reed,Stark,masculino,1,0,1,1,0,1,21,NA,NA,NA
Jommy,Baratheon,masculino,0,0,1,0,0,0,0,NA,NA,NA
Jon Bettley,Lannister,masculino,1,0,0,0,1,0,16,NA,NA,NA
Jon Connington,Targaryen,masculino,1,0,0,0,0,1,5,NA,NA,NA
Jon Fossoway,Baratheon,masculino,1,0,1,0,0,0,22,NA,NA,NA
Jon Nieve,Guardia de la Noche,masculino,1,1,1,1,1,1,1,NA,NA,NA
Jon Umber (Greatjon),Stark,masculino,1,1,1,1,0,0,51,NA,NA,NA
Joffrey Baratheon,Lannister,masculino,1,1,1,1,0,0,5,300,3,60
Jon Umber (Smalljon),Stark,masculino,1,1,0,1,0,0,63,299,3,51
Jonelle Cerwyn,Stark,femenino,1,1,0,0,0,0,53,NA,NA,NA
Jonos Bracken,Tully,masculino,1,1,0,1,0,1,28,NA,NA,NA
Jorah Mormont,Targaryen,masculino,1,1,1,1,0,1,23,NA,NA,NA
Jory Cassel,Stark,masculino,1,1,0,0,0,0,1,298,1,35
Joseran,Greyjoy,masculino,0,0,0,0,1,0,11,NA,NA,NA
Joseth,Stark,masculino,0,1,1,0,0,0,37,NA,NA,NA
Josmyn Peckledon,Lannister,masculino,0,0,1,1,1,1,65,NA,NA,NA
Joss,Ninguna,masculino,0,1,0,0,0,0,43,NA,NA,NA
Joss Stilwood,Lannister,masculino,0,1,0,0,0,0,NA,NA,NA,NA
Josua Willum,Baratheon,masculino,1,0,1,0,0,0,22,NA,NA,NA
Jothos Slynt,Lannister,masculino,1,0,0,1,0,0,66,NA,NA,NA
Joyeuse Erenford,Ninguna,femenino,1,1,0,1,0,0,28,NA,NA,NA
Justin Massey,Baratheon,masculino,1,0,0,0,0,1,7,NA,NA,NA
Jyck,Lannister,masculino,0,1,0,0,0,0,21,298,1,31
Jynessa Blackmont,Martell,femenino,1,0,0,1,0,0,38,NA,NA,NA
Karyl Vance,Tully,masculino,1,1,0,1,1,0,43,NA,NA,NA
Kedge Whiteye,Guardia de la Noche,masculino,0,0,1,1,1,0,43,NA,NA,NA
Kella,Ninguna,femenino,0,0,0,1,0,0,68,NA,NA,NA
Kennos of Kayce,Lannister,masculino,1,0,0,1,1,1,6,NA,NA,NA
Ketter,Guardia de la Noche,masculino,0,1,0,0,0,0,52,NA,NA,NA
Kenned,Greyjoy,masculino,0,0,1,0,0,0,66,299,2,66
Kerwin,Tyrell,masculino,0,0,0,0,1,1,29,300,5,56
Kevan Lannister,Lannister,masculino,1,1,1,1,1,1,56,300,5,NA
Kezmya,Ninguna,femenino,1,0,0,0,0,1,2,NA,NA,NA
Khorane Sathmantes,Ninguna,masculino,0,0,0,1,0,0,10,NA,NA,NA
Khrazz,Ninguna,masculino,0,0,0,0,0,1,11,300,5,67
Kindly man,Ninguna,masculino,0,0,0,0,1,1,6,NA,NA,NA
Kojja Mo,Ninguna,femenino,0,0,0,0,1,0,35,NA,NA,NA
Koss,Guardia de la Noche,masculino,0,0,1,0,0,0,5,299,2,14
Kraznys mo Nakloz,Ninguna,masculino,1,0,0,1,0,0,23,299,3,27
Kromm,Greyjoy,masculino,0,0,1,0,0,0,56,299,2,66
Kurleket,Ninguna,masculino,0,1,0,0,0,0,31,298,1,31
Kurz,Guardia de la Noche,masculino,0,0,1,0,0,0,5,299,2,19
Kyle (Banners),Ninguna,masculino,0,0,0,1,0,0,39,299,3,39
Kyra,Stark,femenino,0,1,1,0,0,1,37,300,5,12
Dama of the Leaves,Ninguna,femenino,0,0,0,1,0,0,22,NA,NA,NA
Lambert Turnberry,Lannister,masculino,1,0,0,0,1,0,7,NA,NA,NA
Lamprey,Baratheon,masculino,0,0,0,1,0,0,25,NA,NA,NA
Lancel Lannister,Lannister,masculino,1,1,1,1,1,1,47,NA,NA,NA
Lanna (Happy Port),Ninguna,femenino,0,0,0,0,1,0,34,NA,NA,NA
Lark,Guardia de la Noche,masculino,0,0,1,1,0,0,23,299,3,46
Larra Blackmont,Martell,femenino,1,0,0,1,0,0,38,NA,NA,NA
Larraq,Targaryen,masculino,0,0,0,0,0,1,59,NA,NA,NA
Leathers,Guardia de la Noche,masculino,0,0,0,0,0,1,35,NA,NA,NA
Left Hand Lew,Guardia de la Noche,masculino,0,0,0,1,0,1,48,NA,NA,NA
Lem,Ninguna,masculino,0,0,0,1,1,0,13,NA,NA,NA
Lennocks,Ninguna,masculino,0,0,0,1,0,0,34,NA,NA,34
Lenwood Tawney,Greyjoy,masculino,0,0,0,0,1,0,18,NA,NA,NA
Leo Lefford,Lannister,masculino,1,1,1,0,0,0,62,299,2,45
Leo Tyrell,Tyrell,masculino,1,0,0,0,1,0,0,NA,NA,NA
Leobald Tallhart,Stark,masculino,1,0,1,0,0,0,16,299,2,66
Leona Woolfield,Stark,femenino,1,0,0,0,0,1,19,NA,NA,NA
Leonette Fossoway,Tyrell,femenino,1,0,0,1,0,0,6,NA,NA,NA
Lew,Stark,masculino,0,1,0,0,0,0,7,NA,NA,NA
Lewis Lanster,Ninguna,masculino,0,0,0,0,0,1,25,NA,NA,NA
Lewys Lydden,Lannister,masculino,1,1,1,0,0,0,62,NA,NA,NA
Lewys Piper,Lannister,masculino,1,0,0,0,1,0,27,NA,NA,NA
Lharys,Stark,masculino,1,1,0,0,0,0,31,298,1,34
Little Walder Frey,Ninguna,masculino,1,1,1,0,0,1,59,300,5,51
Lollys Stokeworth,Lannister,femenino,1,0,1,1,0,0,2,NA,NA,NA
Lommy,Guardia de la Noche,masculino,0,0,1,0,0,0,1,299,2,19
Loras Tyrell,Tyrell,masculino,1,1,1,1,1,0,18,NA,NA,NA
Lorcas,Ninguna,masculino,0,0,0,0,1,0,45,NA,NA,NA
Lord of Bones,Salvajes,masculino,1,0,1,1,0,1,68,300,5,10
Lorent Caswell,Baratheon,masculino,1,0,1,0,0,0,22,NA,NA,NA
Lorren,Greyjoy,masculino,0,0,1,0,0,0,37,299,2,66
Lothar Frey,Ninguna,masculino,1,0,0,1,0,0,35,NA,NA,NA
Lothor Brune,Ninguna,masculino,1,1,1,1,1,0,29,NA,NA,NA
Lucan,Ninguna,masculino,0,0,1,0,0,0,38,299,2,64
Lucas Blackwood,Tully,masculino,1,0,1,1,0,0,22,299,3,51
Lucas Codd,Greyjoy,masculino,1,0,0,0,1,0,11,NA,NA,NA
Lucias Vypren,Ninguna,masculino,1,0,0,1,0,0,49,NA,NA,NA
Luco Prestayn,Ninguna,masculino,0,0,0,0,1,0,22,NA,NA,NA
Luke of Longtown,Guardia de la Noche,masculino,0,0,0,0,0,1,35,NA,NA,NA
Luton,Ninguna,masculino,0,0,0,0,0,1,37,300,5,51
Luwin,Stark,masculino,0,1,1,0,0,0,14,299,2,69
Lyle Crakehall,Lannister,masculino,1,0,0,0,1,0,12,NA,NA,NA
Lyman Darry,Tully,masculino,1,1,1,0,0,0,71,299,3,7
Lymond Goodbrook,Tully,masculino,1,0,0,1,0,0,45,NA,NA,NA
Lymond Lychester,Tully,masculino,1,0,0,1,0,0,22,NA,NA,NA
Lyn Corbray,Arryn,masculino,1,1,0,0,1,0,38,NA,NA,NA
Lyonel,Ninguna,masculino,0,0,1,0,0,0,38,NA,NA,NA
Lysa Tully,Arryn,femenino,1,1,0,1,0,0,34,300,3,NA
Lysono Maar,Ninguna,masculino,0,0,0,0,0,1,24,NA,NA,NA
Mace Tyrell,Tyrell,masculino,1,0,1,1,1,1,62,NA,NA,NA
Mad Huntsman,Ninguna,masculino,0,0,0,1,0,0,29,NA,NA,NA
Maege Mormont,Stark,femenino,1,1,0,1,0,0,53,NA,NA,NA
Maerie (Goodwife),Ninguna,femenino,0,0,0,1,0,0,34,299,3,34
Maerie (Whore),Ninguna,femenino,0,0,0,1,0,0,34,299,3,34
Mag Mar Tun Doh Weg,Salvajes,masculino,1,0,0,1,0,0,15,300,3,64
Mago,Ninguna,masculino,0,1,0,0,0,0,61,NA,NA,NA
Mallador Locke,Guardia de la Noche,masculino,0,0,1,1,0,0,13,299,5,18
Malliard,Lannister,masculino,0,0,1,0,0,0,20,NA,NA,NA
Mallor,Lannister,masculino,0,1,0,0,0,0,63,NA,NA,NA
Mance Rayder,Salvajes,masculino,1,0,0,1,0,1,15,NA,NA,NA
Mandon Moore,Baratheon,masculino,1,1,1,0,0,0,51,299,2,61
Maric Seaworth,Baratheon,masculino,1,0,1,0,0,0,10,299,2,58
Marei,Ninguna,femenino,0,0,1,0,0,0,29,NA,NA,NA
Margaery Tyrell,Tyrell,femenino,1,0,1,1,1,0,22,NA,NA,NA
Marillion,Arryn,masculino,0,1,0,1,1,0,28,300,4,23
Maris,Salvajes,femenino,0,0,0,0,0,1,58,NA,NA,NA
Marissa Frey,Ninguna,femenino,1,0,0,1,1,0,49,NA,NA,NA
Mariya Darry,Ninguna,femenino,1,0,0,0,1,0,30,NA,NA,NA
Mark Mullendore,Tully,masculino,1,0,1,0,0,0,22,NA,NA,NA
Marlon Manderly,Stark,masculino,1,0,0,0,0,1,19,NA,NA,NA
Maron Volmark,Greyjoy,masculino,1,0,0,0,1,0,18,NA,NA,NA
Marq Piper,Tully,masculino,1,1,0,1,0,0,56,NA,NA,NA
Martyn Rivers,Ninguna,masculino,1,1,1,1,0,0,29,NA,NA,NA
Marwyn,Ninguna,masculino,0,0,0,0,1,0,0,NA,NA,NA
Marwyn Belmore,Arryn,masculino,1,0,0,0,1,0,10,NA,NA,NA
Masha Heddle,Tully,femenino,0,1,0,0,0,0,28,298,1,56
Maslyn,Guardia de la Noche,masculino,0,0,0,1,0,0,0,299,3,18
Mathis Rowan,Lannister,masculino,1,0,1,1,1,0,22,NA,NA,NA
Mathos Mallarawan,Ninguna,masculino,1,0,1,0,0,0,40,NA,NA,NA
Matrice,Baratheon,femenino,0,0,1,0,0,0,0,NA,NA,NA
Matthos Seaworth,Baratheon,masculino,1,0,1,0,0,0,10,299,2,58
Matthar,Guardia de la Noche,masculino,0,1,0,0,0,0,41,NA,NA,NA
Mawney,Guardia de la Noche,masculino,0,0,0,1,0,1,18,300,5,4
Mebble,Ninguna,masculino,0,0,1,0,0,0,47,NA,NA,NA
Medger Cerwyn,Stark,masculino,1,1,1,0,0,0,53,299,2,30
Meera Reed,Stark,femenino,1,0,1,1,0,1,21,NA,NA,NA
Megga Tyrell,Tyrell,femenino,1,0,0,1,1,0,6,NA,NA,NA
Meha,Salvajes,femenino,0,0,0,0,0,1,0,NA,NA,NA
Mela,Arryn,femenino,0,0,0,0,1,0,23,NA,NA,NA
Meldred Merlyn,Greyjoy,masculino,1,0,0,0,1,0,1,NA,NA,NA
Meliana,Stark,femenino,0,0,0,1,0,0,69,NA,NA,NA
Melisandre,Baratheon,femenino,0,0,1,1,0,1,0,NA,NA,NA
Mellei,Martell,femenino,0,0,0,0,1,0,40,NA,NA,NA
Melly,Ninguna,femenino,0,0,0,1,0,0,34,NA,NA,NA
Meredyth Crane,Tyrell,femenino,1,0,0,1,1,0,61,NA,NA,NA
Meribald,Ninguna,masculino,0,0,0,0,1,0,25,NA,NA,NA
Merlon Crakehall,Lannister,masculino,1,0,0,1,0,0,38,NA,NA,NA
Mero,Ninguna,masculino,0,0,0,1,0,0,42,299,3,57
Merrett Frey,Ninguna,masculino,1,1,0,1,0,0,59,300,3,NA
Meryn Trant,Lannister,masculino,1,1,1,1,1,1,8,NA,NA,NA
Mezzara,Ninguna,femenino,1,0,0,0,0,1,2,NA,NA,NA
Mikken,Stark,masculino,0,1,1,0,0,0,8,299,2,46
Miklaz,Ninguna,masculino,1,0,0,0,0,1,2,NA,NA,NA
Mirri Maz Duur,Ninguna,femenino,0,1,0,0,0,0,61,299,1,72
Missandei,Targaryen,femenino,0,0,0,1,0,1,23,NA,NA,NA
Mohor,Ninguna,masculino,1,1,0,0,0,0,31,298,1,31
Mollander,Ninguna,masculino,0,0,0,0,1,0,0,NA,NA,NA
Monford Velaryon,Baratheon,masculino,1,0,1,0,0,0,0,299,3,25
Monster,Salvajes,masculino,0,0,0,1,1,1,33,NA,NA,NA
Moon Boy,Baratheon,masculino,0,1,1,1,1,0,29,NA,NA,NA
Moqorro,Greyjoy,masculino,0,0,0,0,0,1,33,NA,NA,NA
Mord,Arryn,masculino,0,1,0,0,1,0,38,NA,NA,NA
Mordane,Stark,femenino,0,1,0,0,0,0,7,298,1,67
Moreo Tumitis,Ninguna,masculino,0,1,0,0,0,0,18,NA,NA,NA
Morgarth,Ninguna,masculino,0,0,0,0,1,0,41,NA,NA,NA
Morna White Mask,Salvajes,femenino,1,0,0,0,0,1,48,NA,NA,NA
Moro,Ninguna,masculino,1,1,0,0,0,0,3,NA,NA,NA
Morra,Martell,femenino,0,0,0,0,1,0,40,NA,NA,NA
Morrec,Lannister,masculino,0,1,0,0,0,0,13,298,1,31
Morros Slynt,Lannister,masculino,1,0,1,1,0,0,2,NA,NA,NA
Mors Manwoody,Martell,masculino,1,0,0,1,0,0,38,NA,NA,NA
Mors Umber,Stark,masculino,1,0,1,0,0,0,21,NA,NA,NA
Morton Waynwood,Arryn,masculino,1,1,0,0,0,0,40,NA,NA,NA
Mudge (miller),Ninguna,masculino,0,0,0,1,0,0,34,299,3,34
Mully,Guardia de la Noche,masculino,0,0,0,1,1,1,55,NA,NA,NA
Munciter,Lannister,masculino,0,0,1,0,0,0,20,NA,NA,NA
Murch,Guardia de la Noche,masculino,0,0,1,0,0,0,9,NA,NA,NA
Murch (Winterfell),Stark,masculino,0,0,1,0,0,0,50,NA,NA,NA
Mossador,Targaryen,masculino,0,0,0,1,0,1,11,300,5,11
Murenmure,Greyjoy,masculino,0,0,0,0,1,0,1,NA,NA,NA
Muttering Bill,Guardia de la Noche,masculino,0,0,0,1,0,1,NA,300,5,4
Mya Stone,Arryn,femenino,0,1,0,0,1,0,34,NA,NA,NA
Mycah,Stark,masculino,0,1,0,0,0,0,15,298,1,16
Myles,Martell,masculino,0,0,0,0,1,1,2,NA,NA,NA
Myles Manwoody,Martell,masculino,1,0,0,1,0,0,38,NA,NA,NA
Myranda Royce,Arryn,femenino,1,0,0,0,1,0,41,NA,NA,NA
Myrcella Baratheon,Lannister,femenino,1,1,1,0,1,0,5,NA,NA,NA
Myria Jordayne,Martell,femenino,0,0,0,1,0,1,38,NA,NA,NA
Myrtle,Salvajes,femenino,0,0,0,0,0,1,37,300,5,69
Nage,Ninguna,masculino,0,0,0,1,0,0,44,NA,NA,NA
Myles,Tully,masculino,0,0,1,0,0,0,39,299,2,39
Nan,Stark,femenino,0,1,1,0,0,0,1,NA,NA,NA
Narbert,Ninguna,masculino,0,0,0,0,1,0,31,NA,NA,NA
Nestor Royce,Arryn,masculino,1,1,0,0,1,0,34,NA,NA,NA
Nolla,Ninguna,femenino,0,0,0,1,0,0,34,299,3,34
Norjen,Greyjoy,masculino,0,0,0,0,1,0,1,NA,NA,NA
Nurse,Ninguna,masculino,0,0,0,0,0,1,57,300,5,57
Notch,Ninguna,masculino,0,0,0,1,0,0,43,NA,NA,NA
Nute,Greyjoy,masculino,0,0,0,0,1,0,18,NA,NA,NA
Nymella Toland,Martell,femenino,1,0,0,0,0,1,38,NA,NA,NA
Nymeria Arena,Martell,femenino,1,0,0,0,1,1,2,NA,NA,NA
Obara Arena,Martell,femenino,1,0,0,0,1,1,2,NA,NA,NA
Oberyn Martell,Martell,masculino,1,0,0,1,0,0,38,300,3,70
Ogo,Ninguna,masculino,1,1,0,0,0,0,46,298,1,61
Old Henly,Guardia de la Noche,masculino,0,0,0,1,0,0,55,299,3,55
Olenna Redwyne,Tyrell,femenino,1,0,0,1,1,0,19,NA,NA,NA
Ollo Lophand,Guardia de la Noche,masculino,0,0,0,1,0,1,0,300,5,4
Olyvar Frey,Ninguna,masculino,1,1,0,0,0,0,59,NA,NA,NA
Ondrew Locke,Stark,masculino,1,0,0,0,0,1,37,NA,NA,NA
Oppo,Ninguna,masculino,0,0,0,1,1,0,60,300,4,17
Orell,Salvajes,masculino,0,0,1,0,0,0,51,299,2,51
Orphan Oss,Guardia de la Noche,masculino,0,0,0,1,0,1,NA,300,5,4
Orton Merryweather,Lannister,masculino,1,0,0,1,1,0,11,NA,NA,NA
Osfryd Kettleblack,Lannister,masculino,1,0,1,1,1,0,41,NA,NA,NA
Osha,Stark,femenino,0,1,1,0,0,0,37,NA,NA,NA
Osmund Kettleblack,Lannister,masculino,1,0,1,1,1,0,41,NA,NA,NA
Osney Kettleblack,Lannister,masculino,1,0,1,1,1,0,41,NA,NA,NA
Ossy,Arryn,masculino,0,0,0,0,1,0,41,NA,NA,NA
Oswell Kettleblack,Ninguna,masculino,1,0,0,1,0,0,68,NA,NA,NA
Othell Yarwyck,Guardia de la Noche,masculino,0,1,0,1,0,1,48,NA,NA,NA
Ottyn Wythers,Guardia de la Noche,masculino,0,0,1,1,0,0,13,299,3,48
Owen,Guardia de la Noche,masculino,0,0,0,1,0,1,55,NA,NA,NA
Owen Norrey,Tully,masculino,1,0,0,1,0,0,51,299,3,51
Oznak zo Pahl,Ninguna,masculino,1,0,0,1,0,0,57,299,3,57
Palla,Stark,femenino,0,0,1,0,0,0,46,NA,NA,NA
Parmen Crane,Baratheon,masculino,1,0,1,0,0,0,22,NA,NA,NA
Patchface,Baratheon,masculino,0,0,1,1,0,1,0,NA,NA,NA
Pate (novice),Ninguna,masculino,0,0,0,0,1,0,0,300,4,0
Pate (Lancewood),Ninguna,masculino,0,0,0,1,0,0,34,299,3,34
Pate (Night's Watch),Guardia de la Noche,masculino,0,1,0,0,0,0,60,NA,NA,NA
Pate (Old),Ninguna,masculino,0,0,0,1,0,0,13,NA,NA,34
Patrek of King's Mountain,Baratheon,masculino,1,0,0,0,0,1,44,300,5,69
Patrek Mallister,Tully,masculino,1,1,0,1,0,0,28,NA,NA,NA
Paxter Redwyne,Tyrell,masculino,1,0,1,1,1,0,65,NA,NA,NA
Pello,Ninguna,masculino,0,0,0,1,0,0,17,NA,NA,NA
Penny,Ninguna,femenino,0,0,0,1,0,1,60,NA,NA,NA
Perros Blackmont,Martell,masculino,1,0,0,1,0,0,38,NA,NA,NA
Perwyn Frey,Ninguna,masculino,1,1,1,0,0,0,29,NA,NA,NA
Petyr Baelish,Ninguna,masculino,0,1,1,1,1,0,18,NA,NA,NA
Petyr Frey,Ninguna,masculino,1,0,0,1,0,0,49,300,3,NA
Philip Foote,Lannister,masculino,1,0,1,1,0,0,65,NA,NA,NA
Pia,Ninguna,femenino,0,0,1,0,1,0,30,NA,NA,NA
Podrick Payne,Lannister,masculino,1,1,1,1,1,0,62,NA,NA,NA
Polliver,Ninguna,masculino,0,0,1,1,0,0,26,300,3,27
Pono,Ninguna,masculino,1,1,0,0,0,0,68,NA,NA,NA
Porridge,Baratheon,masculino,0,0,0,1,0,0,25,NA,NA,NA
Porther,Stark,masculino,0,1,1,0,0,0,22,299,2,21
Poul Pemford,Tully,masculino,0,0,1,0,0,0,39,299,2,39
Poxy Tym,Stark,masculino,0,0,1,0,0,0,16,299,2,69
Praed,Ninguna,masculino,0,0,1,0,0,0,5,299,2,9
Prendahl na Ghezn,Ninguna,masculino,0,0,0,1,0,0,42,299,3,42
Preston Greenfield,Baratheon,masculino,0,1,1,0,0,0,43,299,2,41
Pyat Pree,Ninguna,masculino,1,0,1,0,0,0,12,NA,NA,NA
Pycelle,Lannister,masculino,0,1,1,1,1,1,20,300,5,NA
Pyg,Ninguna,masculino,0,0,0,1,1,0,20,300,4,20
Pylos,Baratheon,masculino,0,0,1,1,0,0,0,NA,NA,NA
Pypar,Guardia de la Noche,masculino,0,1,0,1,1,1,19,NA,NA,NA
Qarl Shepherd,Greyjoy,masculino,0,0,0,0,0,1,26,NA,NA,NA
Qarl the Maid,Greyjoy,masculino,0,0,1,0,1,1,42,NA,NA,NA
Qezza,Ninguna,femenino,0,0,0,0,0,1,2,NA,NA,NA
Qhorin Halfhand,Guardia de la Noche,masculino,0,0,1,0,0,0,43,299,2,68
Qotho,Ninguna,masculino,0,1,0,0,0,0,11,298,1,61
Quaithe,Ninguna,femenino,1,0,1,1,0,1,12,NA,NA,NA
Quaro,Targaryen,masculino,0,1,0,0,0,0,50,298,1,64
Quellon Humble,Greyjoy,masculino,1,0,0,0,1,0,18,NA,NA,NA
Quent,Stark,masculino,0,1,0,0,0,0,37,NA,NA,NA
Quenten Banefort,Lannister,masculino,1,0,0,0,1,0,16,NA,NA,NA
Quentyn Martell,Martell,masculino,1,0,0,0,0,1,6,300,5,70
Quhuru Mo,Ninguna,masculino,0,0,1,0,1,0,27,NA,NA,NA
Qyburn,Lannister,masculino,0,0,1,1,1,1,64,NA,NA,NA
Quort,Salvajes,masculino,0,0,0,1,0,0,41,299,3,55
Qyle,Guardia de la Noche,masculino,0,0,1,0,0,0,2,299,2,2
Rafford,Ninguna,masculino,0,0,1,0,1,0,19,NA,NA,NA
Ragnor Pyke,Greyjoy,masculino,0,0,0,0,1,0,29,NA,NA,NA
Ragwyle,Salvajes,femenino,0,0,1,0,0,0,68,NA,NA,NA
Rakharo,Targaryen,masculino,0,1,1,1,0,1,54,NA,NA,NA
Ralf Kenning,Greyjoy,masculino,0,0,0,0,1,1,18,300,5,20
Ralf Stonehouse,Greyjoy,masculino,1,0,0,0,0,1,18,NA,NA,NA
Ralf the Limper,Greyjoy,masculino,0,0,0,0,1,1,18,NA,NA,NA
Ramsay Nieve,Ninguna,masculino,1,0,1,0,0,1,16,NA,NA,NA
Randa,Ninguna,femenino,0,0,0,1,0,0,34,299,3,34
Randyll Tarly,Tyrell,masculino,1,0,1,0,1,1,22,NA,NA,NA
Rast,Guardia de la Noche,masculino,0,1,0,1,0,0,55,299,3,26
Ravella Swann,Tully,femenino,1,0,0,1,0,0,22,NA,NA,NA
Raymar Royce,Arryn,masculino,1,0,0,1,0,0,45,NA,NA,NA
Raymun Darry,Targaryen,masculino,1,1,0,0,0,0,16,298,1,55
Raymund Frey,Ninguna,masculino,1,0,0,1,0,0,49,NA,NA,NA
Raynald Westerling,Stark,masculino,1,0,0,1,1,0,14,299,3,44
Red Alyn,Guardia de la Noche,masculino,0,0,0,1,0,0,55,300,3,69
Red Rolfe,Greyjoy,masculino,0,0,1,0,0,0,66,299,2,66
Reek,Ninguna,masculino,0,0,1,0,0,0,16,299,2,35
Renly Baratheon,Baratheon,masculino,1,1,1,0,0,0,15,299,2,33
Reysen,Guardia de la Noche,masculino,0,0,1,0,0,0,5,NA,NA,NA
Reznak mo Reznak,Ninguna,masculino,1,0,0,0,0,1,2,NA,NA,NA
Rhaegar Frey,Ninguna,masculino,1,0,0,0,0,1,19,300,5,29
Rhogoro,Ninguna,masculino,1,1,0,0,0,0,3,NA,NA,NA
Ricasso,Martell,masculino,0,0,0,0,1,1,2,NA,NA,NA
Richard Horpe,Baratheon,masculino,1,0,0,0,0,1,17,NA,NA,NA
Rickard Karstark,Stark,masculino,1,1,1,1,0,0,53,299,3,20
Rickard Ryswell,Stark,masculino,1,0,0,0,0,1,20,NA,NA,NA
Rickon Stark,Stark,masculino,1,1,1,0,0,0,7,NA,NA,NA
Rigney,Ninguna,masculino,0,0,0,0,1,0,11,NA,NA,NA
Robar Royce,Baratheon,masculino,1,1,1,1,0,0,29,299,2,6
Robb Stark,Stark,masculino,1,1,1,1,0,0,1,299,3,51
Robert Baratheon,Baratheon,masculino,1,1,0,0,0,0,4,298,1,47
Robert Arryn,Arryn,masculino,1,1,0,1,1,0,40,NA,NA,NA
Robett Glover,Stark,masculino,1,1,1,0,0,1,53,NA,NA,NA
Robin Flint,Stark,masculino,1,1,1,1,0,0,63,299,3,51
Robin Moreland,Lannister,masculino,1,0,0,0,1,0,16,NA,NA,NA
Robin Ryger,Tully,masculino,1,0,1,1,1,0,7,NA,NA,NA
Rodrik Cassel,Stark,masculino,1,1,1,0,0,0,7,299,2,66
Rodrik Harlaw,Greyjoy,masculino,1,0,0,0,1,0,11,NA,NA,NA
Rodrik Ryswell,Ninguna,masculino,1,0,0,0,0,1,32,NA,NA,NA
Roger Hogg,Lannister,masculino,1,0,0,0,1,0,27,NA,NA,NA
Roger Ryswell,Stark,masculino,1,0,0,0,0,1,20,NA,NA,NA
Roland Crakehall (Lord),Lannister,masculino,1,0,1,0,0,0,32,NA,NA,NA
Rolder,Lannister,masculino,0,0,0,0,1,0,21,NA,NA,NA
Rolfe,Greyjoy,masculino,0,0,1,0,0,0,24,NA,NA,NA
Rollam Westerling,Stark,masculino,1,0,0,1,0,0,14,NA,NA,NA
Rolfe the Dwarf,Greyjoy,masculino,0,0,0,0,0,1,26,300,5,26
Rolley,Guardia de la Noche,masculino,0,0,0,1,0,0,0,299,3,33
Rolly Duckfield,Targaryen,masculino,0,0,0,0,0,1,8,NA,NA,NA
Rolph Spicer,Lannister,masculino,1,0,0,1,0,0,14,NA,NA,NA
Romny Weaver,Greyjoy,masculino,1,0,0,0,1,0,18,NA,NA,NA
Ronald Storm,Ninguna,masculino,0,0,0,0,0,1,61,NA,NA,NA
Ronnel Harclay,Guardia de la Noche,masculino,1,0,0,1,0,0,48,NA,NA,NA
Ronnet Connington,Baratheon,masculino,1,0,1,0,1,1,22,NA,NA,NA
Roose Bolton,Stark,masculino,1,1,1,1,0,1,33,NA,NA,NA
Roose Ryswell,Ninguna,masculino,1,0,0,0,0,1,32,NA,NA,NA
Rorge,Ninguna,masculino,0,0,1,1,1,0,1,300,4,37
Roslin Frey,Ninguna,femenino,1,0,0,1,0,0,35,NA,NA,NA
Rowan,Salvajes,masculino,0,0,0,0,0,1,37,300,5,69
Rudge,Guardia de la Noche,masculino,0,1,0,0,0,0,60,NA,NA,NA
Rusty Flowers,Guardia de la Noche,masculino,0,0,0,0,0,1,7,NA,NA,NA
Ryger Rivers,Ninguna,masculino,0,1,0,0,0,0,59,NA,NA,NA
Ryk,Salvajes,masculino,0,0,0,1,0,0,7,NA,NA,NA
Rupert Brax,Lannister,masculino,0,0,1,0,0,0,32,299,2,32
Ryman Frey,Ninguna,masculino,1,0,0,1,1,0,14,300,4,44
Rymolf Stormdrunk,Greyjoy,masculino,0,0,1,0,0,0,24,NA,NA,NA
Ryon Allyrion,Martell,masculino,1,0,0,1,0,1,38,NA,NA,NA
Salladhor Saan,Baratheon,masculino,1,0,1,1,0,0,0,NA,NA,NA
Sallor,Ninguna,masculino,0,0,0,1,0,0,42,299,3,42
Samwell Tarly,Guardia de la Noche,masculino,1,1,1,1,1,1,70,NA,NA,NA
Sandor Clegane,Ninguna,masculino,1,1,1,1,1,0,7,300,4,31
Sawane Botley,Greyjoy,masculino,1,0,0,0,1,0,1,299,4,18
Sansa Stark,Stark,femenino,1,1,1,1,1,0,7,NA,NA,NA
Sarella Arena,Martell,femenino,0,0,0,0,1,0,2,NA,NA,NA
Sarra Frey,Ninguna,femenino,1,0,0,1,0,0,49,NA,NA,NA
Satin,Guardia de la Noche,masculino,0,0,1,1,0,1,6,NA,NA,NA
Sawwood,Guardia de la Noche,masculino,0,0,0,1,0,0,0,NA,NA,NA
Sedgekins,Ninguna,masculino,0,0,0,1,0,0,50,NA,NA,NA
Selyse Florent,Baratheon,femenino,1,0,1,1,0,1,0,NA,NA,NA
Senelle,Lannister,femenino,0,0,0,0,1,0,3,300,4,24
Serra Frey,Ninguna,femenino,1,0,0,1,0,0,49,NA,NA,NA
Shadrich,Ninguna,masculino,0,0,0,0,1,0,4,NA,NA,NA
Shae,Lannister,femenino,0,1,1,1,0,0,62,300,3,77
Shagga,Lannister,masculino,0,1,1,0,0,0,39,NA,NA,NA
Shagwell,Ninguna,masculino,0,0,1,1,1,0,30,300,4,20
Sharna,Ninguna,femenino,0,0,0,1,0,0,11,NA,NA,NA
Shireen Baratheon,Baratheon,femenino,1,0,1,1,0,1,0,NA,NA,NA
Shirei Frey,Ninguna,femenino,1,0,0,1,0,0,49,NA,NA,NA
Shyra Errol,Baratheon,femenino,1,0,1,0,0,0,42,300,4,NA
Sigfry Stonetree,Greyjoy,masculino,1,0,0,0,1,0,19,NA,NA,NA
Skahaz mo Kandaq,Ninguna,masculino,1,0,0,0,0,1,2,NA,NA,NA
Skinner,Ninguna,masculino,0,0,0,0,0,1,12,NA,NA,NA
Small Paul,Guardia de la Noche,masculino,0,0,0,1,0,0,0,299,3,18
Softfoot,Guardia de la Noche,masculino,0,0,0,1,0,0,0,299,3,18
Sour Alyn,Ninguna,masculino,0,0,0,0,0,1,12,NA,NA,NA
Spare Boot,Guardia de la Noche,masculino,0,0,0,1,0,0,55,NA,NA,NA
Spotted Cat,Ninguna,masculino,0,0,0,0,0,1,11,NA,NA,NA
Spotted Pate of Maidenpool,Guardia de la Noche,masculino,0,0,0,1,0,0,0,299,3,55
Squint,Greyjoy,masculino,0,0,1,0,0,0,50,299,2,50
Squirrel,Salvajes,femenino,0,0,0,0,0,1,37,300,5,69
Stalwart Shield,Targaryen,masculino,0,0,0,0,0,1,2,300,5,2
Steelskin,Ninguna,masculino,0,0,0,0,0,1,11,NA,NA,NA
Steffon Swyft,Lannister,masculino,1,0,0,0,1,0,27,NA,NA,NA
Stevron Frey,Stark,masculino,1,1,1,0,0,0,59,299,2,35
Stiv,Salvajes,masculino,0,1,0,0,0,0,37,298,1,37
Stone Thumbs,Salvajes,masculino,0,0,0,1,0,0,41,299,3,55
Stonesnake,Guardia de la Noche,masculino,0,0,1,0,0,0,43,NA,NA,NA
Stygg,Greyjoy,masculino,0,0,1,0,0,0,37,NA,NA,NA
Styr,Salvajes,masculino,1,0,0,1,0,0,7,300,3,26
Sybassion,Ninguna,masculino,0,0,1,0,0,0,63,NA,NA,NA
Sybell Spicer,Lannister,femenino,1,0,0,1,1,0,14,NA,NA,NA
Sybelle Glover,Stark,femenino,1,0,0,0,0,1,26,NA,NA,NA
Sylva Santagar,Martell,femenino,1,0,0,0,1,0,21,NA,NA,NA
Symon Silver Tongue,Lannister,masculino,0,0,1,1,0,0,44,299,3,32
Symon Stripeback,Targaryen,masculino,0,0,0,0,0,1,70,NA,NA,NA
Symond Frey,Ninguna,masculino,1,0,0,0,0,1,19,300,5,29
Symond Templeton,Arryn,masculino,1,0,0,0,1,0,10,NA,NA,NA
Syrio Forel,Stark,masculino,0,1,0,0,0,0,22,298,1,50
Taena of Myr,Lannister,femenino,1,0,0,1,1,0,6,NA,NA,NA
Tal Toraq,Targaryen,masculino,0,0,0,0,0,1,70,NA,NA,NA
Tallad,Lannister,masculino,0,0,1,1,1,0,17,NA,NA,NA
Tanda Stokeworth,Lannister,femenino,1,0,1,1,0,0,2,300,4,32
Tanton Fossoway,Baratheon,masculino,1,0,1,0,0,0,22,NA,NA,NA
Ternesio Terys,Ninguna,masculino,0,0,0,1,0,0,74,NA,NA,NA
Terrance Lynderly,Arryn,masculino,1,0,0,0,1,0,41,NA,NA,NA
The Red Lamb,Targaryen,masculino,0,0,0,0,0,1,67,NA,NA,NA
Theo Frey,Ninguna,masculino,1,1,0,0,0,0,29,NA,NA,NA
Theodan Wells,Stark,masculino,1,0,0,0,1,1,43,NA,NA,NA
Theomore Lannister,Ninguna,masculino,1,0,0,0,0,1,19,NA,NA,NA
Theon Greyjoy,Greyjoy,masculino,1,1,1,0,0,1,1,NA,NA,NA
Thistle,Salvajes,femenino,0,0,0,0,0,1,0,300,5,0
Thoren Smallwood,Guardia de la Noche,masculino,1,0,1,1,0,0,6,299,3,18
Thoros,Ninguna,masculino,0,1,0,1,1,0,29,NA,NA,NA
Three Toes,Ninguna,masculino,0,0,0,1,0,0,44,NA,NA,NA
Three-Tooth,Greyjoy,femenino,0,0,0,0,1,0,11,NA,NA,NA
Tickler,Lannister,masculino,0,0,1,1,0,0,26,300,3,74
Tim Tangletongue,Guardia de la Noche,masculino,0,0,0,1,0,0,69,NA,NA,NA
Timeon,Ninguna,masculino,0,0,0,1,1,0,21,300,4,20
Timett,Lannister,masculino,0,1,1,0,0,0,56,NA,NA,NA
Timon,Baratheon,masculino,0,0,1,0,0,0,65,NA,NA,NA
Tion Frey,Lannister,femenino,1,0,0,1,0,0,20,299,3,20
Tobho Mott,Ninguna,masculino,0,1,0,1,0,0,27,NA,NA,NA
Todder,Guardia de la Noche,masculino,0,1,0,1,0,1,19,NA,NA,NA
Todric,Greyjoy,masculino,0,0,1,0,0,0,37,299,2,37
Tom of Sevenstreams,Ninguna,masculino,0,0,0,1,1,0,13,NA,NA,NA
Tomard,Stark,masculino,0,1,0,0,0,0,22,298,1,49
Tormund,Salvajes,masculino,1,0,0,1,0,1,7,NA,NA,NA
Torrek,Ninguna,masculino,0,1,0,0,0,0,42,NA,NA,NA
Torrhen Karstark,Stark,masculino,1,1,0,0,0,0,53,298,1,63
Tothmure,Lannister,masculino,0,0,1,0,0,0,30,299,2,64
Tregar,Lannister,masculino,0,1,0,0,0,0,35,298,1,39
Tremond Gargalen,Martell,masculino,1,0,0,1,0,1,38,NA,NA,NA
Tristifer Botley,Greyjoy,masculino,1,0,0,0,1,1,11,NA,NA,NA
Triston Sunderland,Lannister,masculino,1,0,0,0,0,1,9,NA,NA,NA
Tuffleberry,Ninguna,masculino,0,0,1,0,0,0,38,NA,NA,NA
Tumberjon,Guardia de la Noche,masculino,0,0,0,1,0,0,0,NA,NA,NA
Tumco Lho,Targaryen,masculino,0,0,0,0,0,1,67,NA,NA,NA
Tybero Istarion,Ninguna,masculino,0,0,0,0,0,1,66,NA,NA,NA
Tycho Nestoris,Ninguna,masculino,0,0,0,0,0,1,44,NA,NA,NA
Tyene Arena,Martell,femenino,1,0,0,0,1,1,38,NA,NA,NA
Tymor,Greyjoy,masculino,0,0,1,0,0,0,37,299,2,66
Tyrek Lannister,Lannister,masculino,1,1,1,0,0,0,30,299,2,41
Tyrion Lannister,Lannister,masculino,1,1,1,1,0,1,4,NA,NA,NA
Tyta Frey,Ninguna,femenino,1,0,0,1,0,0,49,NA,NA,NA
Tytos Blackwood,Tully,masculino,1,1,0,1,0,1,56,NA,NA,NA
Tytos Brax,Lannister,masculino,1,1,1,0,0,0,63,NA,NA,NA
Tytos Frey,Ninguna,masculino,1,0,0,1,0,0,NA,299,3,NA
Tywin Lannister,Lannister,masculino,1,1,1,1,0,0,42,300,3,77
Ulf hijo de Umar,Lannister,masculino,0,1,0,0,0,0,56,298,1,62
Ulf the Ill,Greyjoy,masculino,0,0,1,0,0,0,66,299,2,66
Ulmer,Guardia de la Noche,masculino,0,0,0,1,0,1,33,NA,NA,NA
Ulwyck Uller,Martell,masculino,1,0,0,1,0,1,38,NA,NA,NA
Umar,Ninguna,masculino,0,1,0,0,0,0,56,NA,NA,NA
Umfred,Ninguna,masculino,0,0,0,1,0,0,68,NA,NA,NA
Unella,Ninguna,masculino,0,0,0,0,1,0,43,NA,NA,NA
Urreg,Guardia de la Noche,masculino,0,0,1,0,0,0,14,299,2,19
Urswyck,Ninguna,masculino,0,0,0,1,0,0,21,NA,NA,NA
Utherydes Wayn,Tully,masculino,0,1,1,1,0,0,71,NA,NA,NA
Utt,Ninguna,masculino,0,0,1,1,0,0,30,299,3,39
Val,Salvajes,femenino,0,0,0,1,0,1,7,NA,NA,NA
Varamyr,Salvajes,masculino,0,0,0,1,0,1,15,300,5,0
Vardis Egen,Arryn,masculino,0,1,0,0,0,0,34,298,1,40
Vargo Hoat,Ninguna,masculino,0,0,1,1,0,0,30,300,3,20
Varys,Targaryen,masculino,0,1,1,1,0,1,25,NA,NA,NA
Vayon Poole,Stark,masculino,0,1,1,0,0,0,7,298,1,21
Victarion Greyjoy,Greyjoy,masculino,1,0,1,0,1,1,24,NA,NA,NA
Viserys Targaryen,Targaryen,masculino,1,1,0,0,0,0,3,298,1,46
Vylarr,Lannister,masculino,0,0,1,0,0,0,3,NA,NA,NA
Vyman,Tully,masculino,0,0,1,1,1,0,55,NA,NA,NA
Waif,Ninguna,femenino,0,0,0,0,1,1,6,NA,NA,NA
Walda Rivers (daughter of Aemon),Ninguna,femenino,1,0,0,1,0,0,49,NA,NA,NA
Walder Frey,Ninguna,masculino,1,1,0,1,0,0,28,NA,NA,NA
Walder Rivers,Ninguna,masculino,1,0,0,1,1,0,35,NA,NA,NA
Wallen,Salvajes,masculino,0,1,0,0,0,0,37,298,1,37
Walton,Ninguna,masculino,0,0,1,1,0,1,64,NA,NA,NA
Wat (orphan),Ninguna,masculino,0,0,0,0,1,0,37,NA,NA,NA
Wat (sailor),Ninguna,masculino,0,0,0,0,1,0,34,NA,NA,NA
Watt,Guardia de la Noche,masculino,0,0,0,1,0,0,69,299,3,75
Watty,Ninguna,masculino,0,0,0,1,0,0,39,NA,NA,NA
Waymar Royce,Guardia de la Noche,masculino,1,1,0,0,0,0,0,297,1,0
Wayn (guard),Stark,masculino,0,1,0,0,0,0,37,NA,NA,NA
Weasel,Ninguna,femenino,0,0,1,0,0,0,9,NA,NA,NA
Weeper,Salvajes,masculino,1,0,0,1,0,0,7,NA,NA,NA
Weese,Lannister,masculino,0,0,1,0,0,0,26,299,2,38
Wendel Manderly,Stark,masculino,1,1,1,1,0,0,55,299,3,51
Wendello Qar Deeth,Ninguna,masculino,1,0,1,0,0,0,40,NA,NA,NA
Werlag,Greyjoy,masculino,0,0,1,0,0,0,37,299,2,66
Wex Pyke,Stark,masculino,0,0,1,0,0,1,24,NA,NA,NA
Whalen Frey,Ninguna,masculino,1,1,0,1,0,0,59,NA,NA,NA
Wilbert,Stark,masculino,0,0,0,1,0,0,29,298,3,29
Will,Guardia de la Noche,masculino,0,1,0,0,0,0,0,297,1,0
Will (orphan),Ninguna,masculino,0,0,0,0,1,0,37,NA,NA,NA
Willam Wells,Martell,masculino,0,0,0,0,0,1,6,300,5,6
Willem Lannister,Lannister,masculino,1,0,0,1,0,0,19,299,3,20
William Mooton,Tully,masculino,1,0,0,0,1,0,14,NA,NA,NA
Willis Wode,Arryn,masculino,1,1,0,0,0,0,31,NA,NA,NA
Willit,Lannister,masculino,0,0,1,0,0,0,65,NA,NA,NA
Willow Witch-eye,Salvajes,femenino,0,0,0,0,0,1,37,300,5,69
Willum,Tully,masculino,0,1,0,0,0,0,43,NA,NA,NA
Woth,Guardia de la Noche,masculino,0,0,1,0,0,0,14,299,2,14
Wulfe,Greyjoy,masculino,0,0,0,0,1,1,29,NA,NA,NA
Wun Weg Wun Dar Wun,Salvajes,masculino,0,0,0,0,0,1,35,NA,NA,NA
Wyl (guard),Stark,masculino,0,1,0,0,0,0,35,298,1,35
Wyl the Whittler,Ninguna,masculino,0,0,0,1,0,0,34,299,3,34
Wylis Manderly,Stark,masculino,1,1,1,0,1,0,55,NA,NA,NA
Wylla Manderly,Stark,femenino,1,0,0,0,0,1,19,NA,NA,NA
Wyman Manderly,Stark,masculino,1,0,1,0,0,1,16,NA,NA,NA
Wynafryd Manderly,Stark,masculino,1,0,0,0,0,1,19,NA,NA,NA
Wynton Stout,Guardia de la Noche,masculino,0,0,0,1,0,0,41,NA,NA,NA
Xaro Xhoan Daxos,Ninguna,masculino,1,0,1,0,0,1,12,NA,NA,NA
Xhondo,Ninguna,masculino,0,0,0,0,1,0,26,NA,NA,NA
Yandry,Targaryen,masculino,0,0,0,0,0,1,8,NA,NA,NA
Yellow Dick,Ninguna,masculino,0,0,0,0,0,1,12,300,5,46
Ygon Farwynd,Greyjoy,masculino,1,0,0,0,1,0,19,NA,NA,NA
Ygritte,Salvajes,femenino,0,0,1,1,0,0,51,299,3,55
Yohn Farwynd,Greyjoy,masculino,1,0,0,0,1,0,19,NA,NA,NA
Yohn Royce,Arryn,masculino,1,1,0,0,1,0,29,NA,NA,NA
Yoren,Guardia de la Noche,masculino,0,1,1,0,0,0,13,299,2,19
Young Henly,Guardia de la Noche,masculino,0,0,0,1,0,0,55,299,3,55
Ysilla,Targaryen,masculino,0,0,0,0,0,1,8,NA,NA,NA
Zei,Stark,femenino,0,0,0,1,0,0,64,NA,NA,NA
Zollo,Ninguna,masculino,0,0,0,1,0,0,21,NA,NA,NA
Yurkhaz zo Yunzak,Ninguna,masculino,0,0,0,0,0,1,47,300,5,59
Yezzan Zo Qaggaz,Ninguna,masculino,1,0,0,0,0,1,25,300,5,57
Torwynd the Tame,Salvajes,masculino,0,0,0,1,0,0,73,300,5,73
Talbert Serry,Tyrell,masculino,1,0,0,0,1,0,29,300,4,29
