pais,casos,muertes,fecha_actualizacion
Alemania,505,0,2009-07-06
Alemania,470,0,2009-07-03
Alemania,417,0,2009-07-01
Alemania,366,0,2009-06-29
Alemania,333,0,2009-06-26
Alemania,301,0,2009-06-24
Alemania,275,0,2009-06-22
Alemania,238,0,2009-06-19
Alemania,195,0,2009-06-17
Alemania,170,0,2009-06-15
Alemania,95,0,2009-06-12
Alemania,95,0,2009-06-11
Alemania,78,0,2009-06-10
Alemania,63,0,2009-06-08
Alemania,43,0,2009-06-05
Alemania,28,0,2009-06-03
Alemania,28,0,2009-06-01
Alemania,19,0,2009-05-29
Alemania,17,0,2009-05-27
Alemania,17,0,2009-05-26
Alemania,17,0,2009-05-25
Alemania,17,0,2009-05-23
Algeria,5,0,2009-07-06
Algeria,5,0,2009-07-03
Algeria,2,0,2009-07-01
Algeria,2,0,2009-06-29
Algeria,2,0,2009-06-26
Algeria,2,0,2009-06-24
Algeria,1,0,2009-06-22
Antigua y Barbuda,2,0,2009-07-06
Antigua y Barbuda,2,0,2009-07-03
Antigua y Barbuda,2,0,2009-07-01
Antigua y Barbuda,2,0,2009-06-29
Antigua y Barbuda,2,0,2009-06-26
Antigua y Barbuda,2,0,2009-06-24
Arabia Saudita,114,0,2009-07-06
Arabia Saudita,89,0,2009-07-03
Arabia Saudita,81,0,2009-07-01
Arabia Saudita,69,0,2009-06-29
Arabia Saudita,48,0,2009-06-26
Arabia Saudita,45,0,2009-06-24
Arabia Saudita,35,0,2009-06-22
Arabia Saudita,22,0,2009-06-19
Arabia Saudita,17,0,2009-06-17
Arabia Saudita,11,0,2009-06-15
Arabia Saudita,1,0,2009-06-12
Arabia Saudita,1,0,2009-06-11
Arabia Saudita,1,0,2009-06-10
Arabia Saudita,1,0,2009-06-08
Arabia Saudita,1,0,2009-06-05
Argentina,2485,60,2009-07-06
Argentina,1587,26,2009-07-03
Argentina,1587,26,2009-07-01
Argentina,1488,23,2009-06-29
Argentina,1391,21,2009-06-26
Argentina,1213,7,2009-06-24
Argentina,1010,7,2009-06-22
Argentina,918,4,2009-06-19
Argentina,733,1,2009-06-17
Argentina,343,0,2009-06-15
Argentina,343,0,2009-06-12
Argentina,256,0,2009-06-11
Argentina,235,0,2009-06-10
Argentina,202,0,2009-06-08
Argentina,147,0,2009-06-05
Argentina,131,0,2009-06-03
Argentina,100,0,2009-06-01
Argentina,37,0,2009-05-29
Argentina,19,0,2009-05-27
Argentina,5,0,2009-05-26
Argentina,2,0,2009-05-25
Argentina,1,0,2009-05-23
Aruba,5,0,2009-07-06
Aruba,5,0,2009-07-03
Australia,5298,10,2009-07-06
Australia,4568,9,2009-07-03
Australia,4090,7,2009-07-01
Australia,4038,7,2009-06-29
Australia,3280,3,2009-06-26
Australia,2857,2,2009-06-24
Australia,2436,1,2009-06-22
Australia,2199,0,2009-06-19
Australia,2112,0,2009-06-17
Australia,1823,0,2009-06-15
Australia,1307,0,2009-06-12
Australia,1307,0,2009-06-11
Australia,1224,0,2009-06-10
Australia,1051,0,2009-06-08
Australia,876,0,2009-06-05
Australia,501,0,2009-06-03
Australia,297,0,2009-06-01
Australia,147,0,2009-05-29
Australia,39,0,2009-05-27
Australia,19,0,2009-05-26
Australia,16,0,2009-05-25
Australia,12,0,2009-05-23
Austria,19,0,2009-07-06
Austria,15,0,2009-07-03
Austria,15,0,2009-07-01
Austria,12,0,2009-06-29
Austria,12,0,2009-06-26
Austria,12,0,2009-06-24
Austria,9,0,2009-06-22
Austria,8,0,2009-06-19
Austria,7,0,2009-06-17
Austria,7,0,2009-06-15
Austria,7,0,2009-06-12
Austria,7,0,2009-06-11
Austria,5,0,2009-06-10
Austria,5,0,2009-06-08
Austria,2,0,2009-06-05
Austria,1,0,2009-06-03
Austria,1,0,2009-06-01
Austria,1,0,2009-05-29
Austria,1,0,2009-05-27
Austria,1,0,2009-05-26
Austria,1,0,2009-05-25
Austria,1,0,2009-05-23
Bahamas,7,0,2009-07-06
Bahamas,6,0,2009-07-03
Bahamas,6,0,2009-07-01
Bahamas,4,0,2009-06-29
Bahamas,4,0,2009-06-26
Bahamas,4,0,2009-06-24
Bahamas,2,0,2009-06-22
Bahamas,2,0,2009-06-19
Bahamas,2,0,2009-06-17
Bahamas,1,0,2009-06-15
Bahamas,1,0,2009-06-12
Bahamas,1,0,2009-06-11
Bahamas,2,0,2009-06-10
Bahamas,1,0,2009-06-08
Bahamas,1,0,2009-06-05
Bahamas,1,0,2009-06-03
Bahamas,1,0,2009-06-01
Bahrain,15,0,2009-07-06
Bahrain,15,0,2009-07-03
Bahrain,15,0,2009-07-01
Bahrain,15,0,2009-06-29
Bahrain,15,0,2009-06-26
Bahrain,15,0,2009-06-24
Bahrain,15,0,2009-06-22
Bahrain,12,0,2009-06-19
Bahrain,12,0,2009-06-17
Bahrain,1,0,2009-06-15
Bahrain,1,0,2009-06-12
Bahrain,1,0,2009-06-11
Bahrain,1,0,2009-06-10
Bahrain,1,0,2009-06-08
Bahrain,1,0,2009-06-05
Bahrain,1,0,2009-06-03
Bahrain,1,0,2009-06-01
Bahrain,1,0,2009-05-29
Bahrain,1,0,2009-05-27
Bailía de Jersey,1,0,2009-06-17
Bangladesh,18,0,2009-07-06
Bangladesh,12,0,2009-07-03
Bangladesh,1,0,2009-07-01
Bangladesh,1,0,2009-06-29
Bangladesh,1,0,2009-06-26
Bangladesh,1,0,2009-06-24
Bangladesh,1,0,2009-06-22
Barbados,12,0,2009-07-06
Barbados,12,0,2009-07-03
Barbados,10,0,2009-07-01
Barbados,10,0,2009-06-29
Barbados,10,0,2009-06-26
Barbados,5,0,2009-06-24
Barbados,4,0,2009-06-22
Barbados,4,0,2009-06-19
Barbados,3,0,2009-06-17
Barbados,3,0,2009-06-15
Barbados,3,0,2009-06-12
Barbados,3,0,2009-06-11
Barbados,2,0,2009-06-10
Barbados,2,0,2009-06-08
Barbados,1,0,2009-06-05
Bélgica,54,0,2009-07-06
Bélgica,49,0,2009-07-03
Bélgica,47,0,2009-07-01
Bélgica,43,0,2009-06-29
Bélgica,36,0,2009-06-26
Bélgica,30,0,2009-06-24
Bélgica,29,0,2009-06-22
Bélgica,19,0,2009-06-19
Bélgica,19,0,2009-06-17
Bélgica,17,0,2009-06-15
Bélgica,14,0,2009-06-12
Bélgica,14,0,2009-06-11
Bélgica,14,0,2009-06-10
Bélgica,14,0,2009-06-08
Bélgica,13,0,2009-06-05
Bélgica,13,0,2009-06-03
Bélgica,12,0,2009-06-01
Bélgica,8,0,2009-05-29
Bélgica,7,0,2009-05-27
Bélgica,7,0,2009-05-26
Bélgica,7,0,2009-05-25
Bélgica,7,0,2009-05-23
Bermuda,1,0,2009-07-06
Bermuda,1,0,2009-07-03
Bermuda,1,0,2009-07-01
Bermuda,1,0,2009-06-29
Bermuda,1,0,2009-06-26
Bermuda,1,0,2009-06-24
Bermuda,1,0,2009-06-22
Bermuda,1,0,2009-06-19
Bermuda,1,0,2009-06-17
Bolivia,416,0,2009-07-06
Bolivia,283,0,2009-07-03
Bolivia,205,0,2009-07-01
Bolivia,126,0,2009-06-29
Bolivia,47,0,2009-06-26
Bolivia,44,0,2009-06-24
Bolivia,25,0,2009-06-22
Bolivia,11,0,2009-06-19
Bolivia,11,0,2009-06-17
Bolivia,7,0,2009-06-15
Bolivia,5,0,2009-06-12
Bolivia,5,0,2009-06-11
Bolivia,3,0,2009-06-10
Bolivia,3,0,2009-06-08
Bolivia,3,0,2009-06-05
Bolivia,3,0,2009-06-03
Bolivia,3,0,2009-06-01
Bosnia y Herzegovina,1,0,2009-07-06
Bosnia y Herzegovina,1,0,2009-07-03
Brasil,737,1,2009-07-06
Brasil,737,1,2009-07-03
Brasil,680,1,2009-07-01
Brasil,452,0,2009-06-29
Brasil,399,0,2009-06-26
Brasil,334,0,2009-06-24
Brasil,131,0,2009-06-22
Brasil,96,0,2009-06-19
Brasil,79,0,2009-06-17
Brasil,54,0,2009-06-15
Brasil,52,0,2009-06-12
Brasil,40,0,2009-06-11
Brasil,36,0,2009-06-10
Brasil,35,0,2009-06-08
Brasil,28,0,2009-06-05
Brasil,20,0,2009-06-03
Brasil,18,0,2009-06-01
Brasil,10,0,2009-05-29
Brasil,9,0,2009-05-27
Brasil,9,0,2009-05-26
Brasil,9,0,2009-05-25
Brasil,8,0,2009-05-23
Brunei Darussalam,124,0,2009-07-06
Brunei Darussalam,85,0,2009-07-03
Brunei Darussalam,29,0,2009-07-01
Brunei Darussalam,29,0,2009-06-29
Brunei Darussalam,11,0,2009-06-26
Brunei Darussalam,4,0,2009-06-24
Brunei Darussalam,1,0,2009-06-22
Bulgaria,10,0,2009-07-06
Bulgaria,10,0,2009-07-03
Bulgaria,10,0,2009-07-01
Bulgaria,7,0,2009-06-29
Bulgaria,7,0,2009-06-26
Bulgaria,5,0,2009-06-24
Bulgaria,2,0,2009-06-22
Bulgaria,2,0,2009-06-19
Bulgaria,2,0,2009-06-17
Bulgaria,2,0,2009-06-15
Bulgaria,2,0,2009-06-12
Bulgaria,2,0,2009-06-11
Bulgaria,2,0,2009-06-10
Bulgaria,2,0,2009-06-08
Bulgaria,1,0,2009-06-05
Bulgaria,1,0,2009-06-03
Cabo Verde,3,0,2009-07-06
Cabo Verde,3,0,2009-07-03
Cabo Verde,3,0,2009-07-01
Cabo Verde,3,0,2009-06-29
Cabo Verde,3,0,2009-06-26
Cabo Verde,3,0,2009-06-24
Cambodia,7,0,2009-07-06
Cambodia,7,0,2009-07-03
Cambodia,6,0,2009-07-01
Cambodia,6,0,2009-06-29
Cambodia,5,0,2009-06-26
Cambodia,1,0,2009-06-24
Canadá,7983,25,2009-07-06
Canadá,7983,25,2009-07-03
Canadá,7983,25,2009-07-01
Canadá,7775,21,2009-06-29
Canadá,6732,19,2009-06-26
Canadá,6457,15,2009-06-24
Canadá,5710,13,2009-06-22
Canadá,4905,12,2009-06-19
Canadá,4049,7,2009-06-17
Canadá,2978,4,2009-06-15
Canadá,2978,4,2009-06-12
Canadá,2446,4,2009-06-11
Canadá,2446,4,2009-06-10
Canadá,2115,3,2009-06-08
Canadá,1795,3,2009-06-05
Canadá,1530,2,2009-06-03
Canadá,1336,2,2009-06-01
Canadá,1118,2,2009-05-29
Canadá,921,1,2009-05-27
Canadá,921,1,2009-05-26
Canadá,805,1,2009-05-25
Canadá,719,1,2009-05-23
Chile,7376,14,2009-07-06
Chile,7376,14,2009-07-03
Chile,6211,12,2009-07-01
Chile,5186,7,2009-06-29
Chile,5186,7,2009-06-26
Chile,4315,4,2009-06-24
Chile,4315,4,2009-06-22
Chile,3125,2,2009-06-19
Chile,2335,2,2009-06-17
Chile,1694,2,2009-06-15
Chile,1694,2,2009-06-12
Chile,1694,2,2009-06-11
Chile,1694,2,2009-06-10
Chile,411,1,2009-06-08
Chile,369,1,2009-06-05
Chile,313,0,2009-06-03
Chile,250,0,2009-06-01
Chile,165,0,2009-05-29
Chile,86,0,2009-05-27
Chile,74,0,2009-05-26
Chile,44,0,2009-05-25
Chile,24,0,2009-05-23
China,2040,0,2009-07-06
China,1814,0,2009-07-03
China,1518,0,2009-07-01
China,1442,0,2009-06-29
China,1089,0,2009-06-26
China,906,0,2009-06-24
China,739,0,2009-06-22
China,519,0,2009-06-19
China,382,0,2009-06-17
China,318,0,2009-06-15
China,188,0,2009-06-12
China,174,0,2009-06-11
China,142,0,2009-06-10
China,108,0,2009-06-08
China,89,0,2009-06-05
China,69,0,2009-06-03
China,52,0,2009-06-01
China,30,0,2009-05-29
China,22,0,2009-05-27
China,20,0,2009-05-26
China,15,0,2009-05-25
China,11,0,2009-05-23
Chipre,109,0,2009-07-06
Chipre,70,0,2009-07-03
Chipre,48,0,2009-07-01
Chipre,25,0,2009-06-29
Chipre,9,0,2009-06-26
Chipre,5,0,2009-06-24
Chipre,4,0,2009-06-22
Chipre,1,0,2009-06-19
Chipre,1,0,2009-06-17
Chipre,1,0,2009-06-15
Chipre,1,0,2009-06-12
Chipre,1,0,2009-06-11
Chipre,1,0,2009-06-10
Chipre,1,0,2009-06-08
Chipre,1,0,2009-06-05
Chipre,1,0,2009-06-03
Chipre,1,0,2009-06-01
Colombia,118,2,2009-07-06
Colombia,101,2,2009-07-03
Colombia,93,2,2009-07-01
Colombia,88,2,2009-06-29
Colombia,72,2,2009-06-26
Colombia,71,2,2009-06-24
Colombia,71,2,2009-06-22
Colombia,60,1,2009-06-19
Colombia,53,1,2009-06-17
Colombia,42,1,2009-06-15
Colombia,35,1,2009-06-12
Colombia,35,1,2009-06-11
Colombia,35,0,2009-06-10
Colombia,25,0,2009-06-08
Colombia,24,0,2009-06-05
Colombia,20,0,2009-06-03
Colombia,20,0,2009-06-01
Colombia,17,0,2009-05-29
Colombia,16,0,2009-05-27
Colombia,16,0,2009-05-26
Colombia,13,0,2009-05-25
Colombia,12,0,2009-05-23
Costa de Marfil,2,0,2009-07-06
Costa de Marfil,2,0,2009-07-03
Costa de Marfil,2,0,2009-07-01
Costa de Marfil,2,0,2009-06-29
Costa de Marfil,2,0,2009-06-26
Costa de Marfil,2,0,2009-06-24
Costa Rica,277,3,2009-07-06
Costa Rica,279,2,2009-07-01
Costa Rica,255,1,2009-06-29
Costa Rica,222,1,2009-06-26
Costa Rica,189,1,2009-06-24
Costa Rica,149,1,2009-06-22
Costa Rica,149,1,2009-06-19
Costa Rica,149,1,2009-06-17
Costa Rica,104,1,2009-06-15
Costa Rica,104,1,2009-06-12
Costa Rica,104,1,2009-06-11
Costa Rica,93,1,2009-06-10
Costa Rica,68,1,2009-06-08
Costa Rica,68,1,2009-06-05
Costa Rica,50,1,2009-06-03
Costa Rica,37,1,2009-06-01
Costa Rica,33,1,2009-05-29
Costa Rica,33,1,2009-05-27
Costa Rica,33,1,2009-05-26
Costa Rica,28,1,2009-05-25
Costa Rica,20,1,2009-05-23
Costa Rica,227,2,2009-07-03
Croacia,1,0,2009-07-06
Cuba,85,0,2009-07-06
Cuba,73,0,2009-07-03
Cuba,46,0,2009-07-01
Cuba,34,0,2009-06-29
Cuba,34,0,2009-06-26
Cuba,15,0,2009-06-24
Cuba,15,0,2009-06-22
Cuba,15,0,2009-06-19
Cuba,7,0,2009-06-17
Cuba,6,0,2009-06-15
Cuba,6,0,2009-06-12
Cuba,5,0,2009-06-11
Cuba,5,0,2009-06-10
Cuba,5,0,2009-06-08
Cuba,4,0,2009-06-05
Cuba,4,0,2009-06-03
Cuba,4,0,2009-06-01
Cuba,4,0,2009-05-29
Cuba,4,0,2009-05-27
Cuba,4,0,2009-05-26
Cuba,4,0,2009-05-25
Cuba,4,0,2009-05-23
Curaçao,1,0,2009-06-17
Curaçao,8,0,2009-07-06
Curaçao,8,0,2009-07-03
Curaçao,7,0,2009-07-01
Curaçao,3,0,2009-06-29
Curaçao,3,0,2009-06-26
Curaçao,3,0,2009-06-24
Curaçao,3,0,2009-06-19
Curaçao,3,0,2009-06-22
Dinamarca,66,0,2009-07-06
Dinamarca,63,0,2009-07-03
Dinamarca,55,0,2009-07-01
Dinamarca,44,0,2009-06-29
Dinamarca,41,0,2009-06-26
Dinamarca,34,0,2009-06-24
Dinamarca,23,0,2009-06-22
Dinamarca,22,0,2009-06-19
Dinamarca,15,0,2009-06-17
Dinamarca,12,0,2009-06-15
Dinamarca,11,0,2009-06-12
Dinamarca,10,0,2009-06-11
Dinamarca,8,0,2009-06-10
Dinamarca,7,0,2009-06-08
Dinamarca,4,0,2009-06-05
Dinamarca,1,0,2009-06-03
Dinamarca,1,0,2009-06-01
Dinamarca,1,0,2009-05-29
Dinamarca,1,0,2009-05-27
Dinamarca,1,0,2009-05-26
Dinamarca,1,0,2009-05-25
Dinamarca,1,0,2009-05-23
Dominica,1,0,2009-07-06
Dominica,1,0,2009-07-03
Dominica,1,0,2009-07-01
Dominica,1,0,2009-06-29
Dominica,1,0,2009-06-26
Dominica,1,0,2009-06-24
Dominica,1,0,2009-06-22
Dominica,1,0,2009-06-19
Dominica,1,0,2009-06-17
Dominica,1,0,2009-06-15
Dominica,1,0,2009-06-12
Dominica,1,0,2009-06-11
Dominica,1,0,2009-06-10
Dominica,1,0,2009-06-08
Ecuador,204,0,2009-07-06
Ecuador,163,0,2009-07-03
Ecuador,163,0,2009-07-01
Ecuador,125,0,2009-06-29
Ecuador,125,0,2009-06-26
Ecuador,115,0,2009-06-24
Ecuador,95,0,2009-06-22
Ecuador,86,0,2009-06-19
Ecuador,86,0,2009-06-17
Ecuador,80,0,2009-06-15
Ecuador,67,0,2009-06-12
Ecuador,67,0,2009-06-11
Ecuador,60,0,2009-06-10
Ecuador,60,0,2009-06-08
Ecuador,43,0,2009-06-05
Ecuador,39,0,2009-06-03
Ecuador,39,0,2009-06-01
Ecuador,32,0,2009-05-29
Ecuador,28,0,2009-05-27
Ecuador,24,0,2009-05-26
Ecuador,10,0,2009-05-25
Ecuador,8,0,2009-05-23
Egipto,78,0,2009-07-06
Egipto,67,0,2009-07-03
Egipto,67,0,2009-07-01
Egipto,50,0,2009-06-29
Egipto,43,0,2009-06-26
Egipto,40,0,2009-06-24
Egipto,39,0,2009-06-22
Egipto,29,0,2009-06-19
Egipto,26,0,2009-06-17
Egipto,18,0,2009-06-15
Egipto,10,0,2009-06-12
Egipto,10,0,2009-06-11
Egipto,8,0,2009-06-10
Egipto,1,0,2009-06-08
Egipto,1,0,2009-06-05
Egipto,1,0,2009-06-03
El Salvador,319,0,2009-07-06
El Salvador,253,0,2009-07-03
El Salvador,226,0,2009-07-01
El Salvador,226,0,2009-06-29
El Salvador,160,0,2009-06-26
El Salvador,160,0,2009-06-24
El Salvador,160,0,2009-06-22
El Salvador,160,0,2009-06-19
El Salvador,125,0,2009-06-17
El Salvador,95,0,2009-06-15
El Salvador,69,0,2009-06-12
El Salvador,69,0,2009-06-11
El Salvador,69,0,2009-06-10
El Salvador,69,0,2009-06-08
El Salvador,49,0,2009-06-05
El Salvador,41,0,2009-06-03
El Salvador,27,0,2009-06-01
El Salvador,11,0,2009-05-29
El Salvador,11,0,2009-05-27
El Salvador,6,0,2009-05-26
El Salvador,6,0,2009-05-25
El Salvador,6,0,2009-05-23
Emiratos Árabes Unidos,8,0,2009-07-06
Emiratos Árabes Unidos,8,0,2009-07-03
Emiratos Árabes Unidos,8,0,2009-07-01
Emiratos Árabes Unidos,8,0,2009-06-29
Emiratos Árabes Unidos,7,0,2009-06-26
Emiratos Árabes Unidos,2,0,2009-06-24
Emiratos Árabes Unidos,2,0,2009-06-22
Emiratos Árabes Unidos,2,0,2009-06-19
Emiratos Árabes Unidos,1,0,2009-06-17
Emiratos Árabes Unidos,1,0,2009-06-15
Emiratos Árabes Unidos,1,0,2009-06-12
Emiratos Árabes Unidos,1,0,2009-06-11
Emiratos Árabes Unidos,1,0,2009-06-10
Emiratos Árabes Unidos,1,0,2009-06-08
Eslovaquia,18,0,2009-07-06
Eslovaquia,18,0,2009-07-03
Eslovaquia,13,0,2009-07-01
Eslovaquia,9,0,2009-06-29
Eslovaquia,7,0,2009-06-26
Eslovaquia,4,0,2009-06-24
Eslovaquia,3,0,2009-06-22
Eslovaquia,3,0,2009-06-19
Eslovaquia,3,0,2009-06-17
Eslovaquia,3,0,2009-06-15
Eslovaquia,3,0,2009-06-12
Eslovaquia,3,0,2009-06-11
Eslovaquia,3,0,2009-06-10
Eslovaquia,3,0,2009-06-08
Eslovaquia,3,0,2009-06-05
Eslovaquia,2,0,2009-06-03
Eslovaquia,2,0,2009-06-01
Eslovaquia,1,0,2009-05-29
Eslovenia,14,0,2009-07-06
Eslovenia,5,0,2009-07-03
Eslovenia,4,0,2009-07-01
Eslovenia,4,0,2009-06-29
Eslovenia,3,0,2009-06-26
Eslovenia,1,0,2009-06-24
Eslovenia,1,0,2009-06-22
España,776,1,2009-07-06
España,760,1,2009-07-03
España,717,1,2009-07-01
España,541,0,2009-06-29
España,541,0,2009-06-26
España,539,0,2009-06-24
España,522,0,2009-06-22
España,512,0,2009-06-19
España,499,0,2009-06-17
España,488,0,2009-06-15
España,488,0,2009-06-12
España,357,0,2009-06-11
España,331,0,2009-06-10
España,291,0,2009-06-08
España,218,0,2009-06-05
España,180,0,2009-06-03
España,178,0,2009-06-01
España,143,0,2009-05-29
España,138,0,2009-05-27
España,136,0,2009-05-26
España,133,0,2009-05-25
España,126,0,2009-05-23
Estados Unidos,33902,170,2009-07-06
Estados Unidos,33902,170,2009-07-03
Estados Unidos,27717,127,2009-07-01
Estados Unidos,27717,127,2009-06-29
Estados Unidos,21449,87,2009-06-26
Estados Unidos,21449,87,2009-06-24
Estados Unidos,21449,87,2009-06-22
Estados Unidos,17855,44,2009-06-19
Estados Unidos,17855,45,2009-06-15
Estados Unidos,13217,27,2009-06-12
Estados Unidos,13217,27,2009-06-11
Estados Unidos,13217,27,2009-06-10
Estados Unidos,13217,27,2009-06-08
Estados Unidos,11054,17,2009-06-05
Estados Unidos,10053,17,2009-06-03
Estados Unidos,8975,15,2009-06-01
Estados Unidos,7927,11,2009-05-29
Estados Unidos,6764,10,2009-05-27
Estados Unidos,6764,10,2009-05-26
Estados Unidos,6552,9,2009-05-25
Estados Unidos,6552,9,2009-05-23
Estados Unidos,17855,44,2009-06-17
Estonia,13,0,2009-07-06
Estonia,13,0,2009-07-03
Estonia,13,0,2009-07-01
Estonia,13,0,2009-06-29
Estonia,8,0,2009-06-26
Estonia,5,0,2009-06-24
Estonia,5,0,2009-06-22
Estonia,5,0,2009-06-19
Estonia,4,0,2009-06-17
Estonia,4,0,2009-06-15
Estonia,4,0,2009-06-12
Estonia,4,0,2009-06-11
Estonia,4,0,2009-06-10
Estonia,3,0,2009-06-08
Estonia,3,0,2009-06-05
Estonia,1,0,2009-06-03
Estonia,1,0,2009-06-01
Etiopía,3,0,2009-07-06
Etiopía,3,0,2009-07-03
Etiopía,2,0,2009-07-01
Etiopía,2,0,2009-06-29
Etiopía,2,0,2009-06-26
Etiopía,2,0,2009-06-24
Fiji,2,0,2009-07-06
Fiji,2,0,2009-07-03
Fiji,2,0,2009-07-01
Fiji,2,0,2009-06-29
Fiji,2,0,2009-06-26
Fiji,2,0,2009-06-24
Fiji,1,0,2009-06-22
Filipinas,1709,1,2009-07-06
Filipinas,1709,1,2009-07-03
Filipinas,861,1,2009-07-01
Filipinas,861,1,2009-06-29
Filipinas,445,1,2009-06-26
Filipinas,445,1,2009-06-24
Filipinas,344,0,2009-06-22
Filipinas,311,0,2009-06-19
Filipinas,193,0,2009-06-17
Filipinas,77,0,2009-06-15
Filipinas,77,0,2009-06-12
Filipinas,77,0,2009-06-11
Filipinas,54,0,2009-06-10
Filipinas,33,0,2009-06-08
Filipinas,29,0,2009-06-05
Filipinas,16,0,2009-06-03
Filipinas,16,0,2009-06-01
Filipinas,6,0,2009-05-29
Filipinas,2,0,2009-05-27
Filipinas,2,0,2009-05-26
Filipinas,1,0,2009-05-25
Filipinas,1,0,2009-05-23
Finlandia,47,0,2009-07-06
Finlandia,43,0,2009-07-03
Finlandia,26,0,2009-07-01
Finlandia,26,0,2009-06-29
Finlandia,26,0,2009-06-26
Finlandia,26,0,2009-06-24
Finlandia,13,0,2009-06-22
Finlandia,13,0,2009-06-19
Finlandia,12,0,2009-06-17
Finlandia,4,0,2009-06-15
Finlandia,4,0,2009-06-12
Finlandia,4,0,2009-06-11
Finlandia,4,0,2009-06-10
Finlandia,4,0,2009-06-08
Finlandia,4,0,2009-06-05
Finlandia,4,0,2009-06-03
Finlandia,3,0,2009-06-01
Finlandia,3,0,2009-05-29
Finlandia,2,0,2009-05-27
Finlandia,2,0,2009-05-26
Finlandia,2,0,2009-05-25
Finlandia,2,0,2009-05-23
Francia,310,0,2009-07-06
Francia,300,0,2009-07-03
Francia,277,0,2009-07-01
Francia,235,0,2009-06-29
Francia,191,0,2009-06-26
Francia,171,0,2009-06-24
Francia,147,0,2009-06-22
Francia,131,0,2009-06-19
Francia,118,0,2009-06-17
Francia,80,0,2009-06-15
Francia,73,0,2009-06-12
Francia,73,0,2009-06-11
Francia,71,0,2009-06-10
Francia,58,0,2009-06-08
Francia,47,0,2009-06-05
Francia,26,0,2009-06-03
Francia,24,0,2009-06-01
Francia,21,0,2009-05-29
Francia,16,0,2009-05-27
Francia,16,0,2009-05-26
Francia,16,0,2009-05-25
Francia,16,0,2009-05-23
Grecia,151,0,2009-07-06
Grecia,109,0,2009-07-03
Grecia,92,0,2009-07-01
Grecia,86,0,2009-06-29
Grecia,73,0,2009-06-26
Grecia,58,0,2009-06-24
Grecia,48,0,2009-06-22
Grecia,31,0,2009-06-19
Grecia,23,0,2009-06-17
Grecia,19,0,2009-06-15
Grecia,7,0,2009-06-12
Grecia,7,0,2009-06-11
Grecia,5,0,2009-06-10
Grecia,5,0,2009-06-08
Grecia,5,0,2009-06-05
Grecia,5,0,2009-06-03
Grecia,4,0,2009-06-01
Grecia,3,0,2009-05-29
Grecia,1,0,2009-05-27
Grecia,1,0,2009-05-26
Grecia,1,0,2009-05-25
Grecia,1,0,2009-05-23
Guadaloupe,2,0,2009-07-06
Guatemala,128,1,2009-06-17
Guatemala,119,1,2009-06-15
Guatemala,74,1,2009-06-12
Guatemala,60,0,2009-06-11
Guatemala,60,0,2009-06-10
Guatemala,30,0,2009-06-08
Guatemala,23,0,2009-06-05
Guatemala,14,0,2009-06-03
Guatemala,5,0,2009-05-29
Guatemala,4,0,2009-05-26
Guatemala,4,0,2009-05-25
Guatemala,4,0,2009-05-23
Guatemala,286,2,2009-07-06
Guatemala,254,2,2009-07-03
Guatemala,254,2,2009-07-01
Guatemala,254,2,2009-06-29
Guatemala,254,2,2009-06-26
Guatemala,235,1,2009-06-24
Guatemala,208,1,2009-06-22
Guatemala,153,1,2009-06-19
Guatemala,12,0,2009-06-01
Guatemala,5,0,2009-05-27
Guernsey,5,0,2009-07-06
Guernsey,5,0,2009-07-03
Guernsey,5,0,2009-07-01
Guernsey,1,0,2009-06-29
Guernsey,1,0,2009-06-26
Guyana,2,0,2009-07-06
Honduras,123,1,2009-07-06
Honduras,123,1,2009-07-03
Honduras,118,1,2009-07-01
Honduras,118,1,2009-06-29
Honduras,118,1,2009-06-26
Honduras,118,0,2009-06-24
Honduras,108,0,2009-06-22
Honduras,108,0,2009-06-19
Honduras,100,0,2009-06-17
Honduras,89,0,2009-06-15
Honduras,89,0,2009-06-12
Honduras,89,0,2009-06-11
Honduras,89,0,2009-06-10
Honduras,34,0,2009-06-08
Honduras,34,0,2009-06-05
Honduras,2,0,2009-06-03
Honduras,2,0,2009-06-01
Honduras,1,0,2009-05-29
Honduras,1,0,2009-05-27
Honduras,1,0,2009-05-26
Honduras,1,0,2009-05-25
Hungría,11,0,2009-07-06
Hungría,11,0,2009-07-03
Hungría,10,0,2009-07-01
Hungría,8,0,2009-06-29
Hungría,8,0,2009-06-26
Hungría,7,0,2009-06-24
Hungría,7,0,2009-06-22
Hungría,7,0,2009-06-19
Hungría,4,0,2009-06-17
Hungría,4,0,2009-06-15
Hungría,4,0,2009-06-12
Hungría,4,0,2009-06-11
Hungría,3,0,2009-06-10
Hungría,3,0,2009-06-08
Hungría,3,0,2009-06-05
Hungría,1,0,2009-06-03
Hungría,1,0,2009-06-01
India,129,0,2009-07-06
India,104,0,2009-07-03
India,104,0,2009-07-01
India,64,0,2009-06-29
India,64,0,2009-06-26
India,64,0,2009-06-24
India,44,0,2009-06-22
India,30,0,2009-06-19
India,30,0,2009-06-17
India,16,0,2009-06-15
India,9,0,2009-06-12
India,9,0,2009-06-11
India,4,0,2009-06-10
India,4,0,2009-06-08
India,4,0,2009-06-05
India,1,0,2009-06-03
India,1,0,2009-06-01
India,1,0,2009-05-29
India,1,0,2009-05-27
India,1,0,2009-05-26
India,1,0,2009-05-25
India,1,0,2009-05-23
Indonesia,20,0,2009-07-06
Indonesia,8,0,2009-07-03
Indonesia,8,0,2009-07-01
Indonesia,8,0,2009-06-29
Indonesia,2,0,2009-06-26
Irak,12,0,2009-07-06
Irak,11,0,2009-07-03
Irak,11,0,2009-07-01
Irak,10,0,2009-06-29
Irán,1,0,2009-07-03
Irán,1,0,2009-07-01
Irán,1,0,2009-06-29
Irán,1,0,2009-06-26
Irán,1,0,2009-07-06
Irlanda,74,0,2009-07-06
Irlanda,51,0,2009-07-03
Irlanda,41,0,2009-07-01
Irlanda,39,0,2009-06-29
Irlanda,29,0,2009-06-26
Irlanda,23,0,2009-06-24
Irlanda,23,0,2009-06-22
Irlanda,16,0,2009-06-19
Irlanda,12,0,2009-06-17
Irlanda,12,0,2009-06-15
Irlanda,12,0,2009-06-12
Irlanda,12,0,2009-06-11
Irlanda,12,0,2009-06-10
Irlanda,11,0,2009-06-08
Irlanda,8,0,2009-06-05
Irlanda,4,0,2009-06-03
Irlanda,4,0,2009-06-01
Irlanda,3,0,2009-05-29
Irlanda,1,0,2009-05-27
Irlanda,1,0,2009-05-26
Irlanda,1,0,2009-05-25
Irlanda,1,0,2009-05-23
Isla de Man,1,0,2009-06-17
Isla de Man,1,0,2009-07-06
Isla de Man,1,0,2009-07-03
Isla de Man,1,0,2009-07-01
Isla de Man,1,0,2009-06-29
Isla de Man,1,0,2009-06-26
Isla de Man,1,0,2009-06-24
Isla de Man,1,0,2009-06-22
Isla de Man,1,0,2009-06-19
Isla de Mauricio,1,0,2009-07-06
Isla de Mauricio,1,0,2009-07-03
Isla de Mauricio,7,0,2009-07-01
Islandia,4,0,2009-07-06
Islandia,4,0,2009-07-03
Islandia,4,0,2009-07-01
Islandia,4,0,2009-06-29
Islandia,4,0,2009-06-26
Islandia,4,0,2009-06-24
Islandia,4,0,2009-06-22
Islandia,4,0,2009-06-19
Islandia,4,0,2009-06-17
Islandia,4,0,2009-06-15
Islandia,4,0,2009-06-12
Islandia,3,0,2009-06-11
Islandia,2,0,2009-06-10
Islandia,1,0,2009-06-08
Islandia,1,0,2009-06-05
Islandia,1,0,2009-06-03
Islandia,1,0,2009-06-01
Islandia,1,0,2009-05-29
Islandia,1,0,2009-05-27
Islandia,1,0,2009-05-26
Islandia,1,0,2009-05-25
Islas Caimán,14,0,2009-07-06
Islas Caimán,14,0,2009-07-03
Islas Caimán,13,0,2009-07-01
Islas Caimán,9,0,2009-06-29
Islas Caimán,9,0,2009-06-26
Islas Caimán,7,0,2009-06-24
Islas Caimán,4,0,2009-06-22
Islas Caimán,4,0,2009-06-19
Islas Caimán,4,0,2009-06-17
Islas Caimán,2,0,2009-06-15
Islas Caimán,2,0,2009-06-12
Islas Caimán,2,0,2009-06-11
Islas Caimán,1,0,2009-06-10
Islas Caimán,1,0,2009-06-08
Islas Cook,1,0,2009-07-06
Islas Vírgenes,1,0,2009-07-06
Islas Vírgenes Británicas,2,0,2009-07-06
Islas Vírgenes Británicas,2,0,2009-07-03
Islas Vírgenes Británicas,1,0,2009-07-01
Islas Vírgenes Británicas,1,0,2009-06-29
Islas Vírgenes Británicas,1,0,2009-06-26
Islas Vírgenes Británicas,1,0,2009-06-24
Islas Vírgenes Británicas,1,0,2009-06-22
Islas Vírgenes Británicas,1,0,2009-06-19
Islas Vírgenes Británicas,1,0,2009-06-17
Israel,681,0,2009-07-06
Israel,577,0,2009-07-03
Israel,506,0,2009-07-01
Israel,469,0,2009-06-29
Israel,405,0,2009-06-26
Israel,375,0,2009-06-24
Israel,291,0,2009-06-22
Israel,219,0,2009-06-19
Israel,152,0,2009-06-17
Israel,117,0,2009-06-15
Israel,68,0,2009-06-12
Israel,68,0,2009-06-11
Israel,63,0,2009-06-10
Israel,54,0,2009-06-08
Israel,39,0,2009-06-05
Israel,33,0,2009-06-03
Israel,19,0,2009-06-01
Israel,11,0,2009-05-29
Israel,9,0,2009-05-27
Israel,8,0,2009-05-26
Israel,8,0,2009-05-25
Israel,7,0,2009-05-23
Italia,146,0,2009-07-06
Italia,130,0,2009-07-03
Italia,123,0,2009-07-01
Italia,112,0,2009-06-29
Italia,102,0,2009-06-26
Italia,96,0,2009-06-24
Italia,88,0,2009-06-22
Italia,88,0,2009-06-19
Italia,72,0,2009-06-17
Italia,67,0,2009-06-15
Italia,56,0,2009-06-12
Italia,54,0,2009-06-11
Italia,50,0,2009-06-10
Italia,50,0,2009-06-08
Italia,38,0,2009-06-05
Italia,30,0,2009-06-03
Italia,29,0,2009-06-01
Italia,26,0,2009-05-29
Italia,23,0,2009-05-27
Italia,19,0,2009-05-26
Italia,19,0,2009-05-25
Italia,14,0,2009-05-23
Jamaica,32,0,2009-07-06
Jamaica,32,0,2009-07-03
Jamaica,32,0,2009-07-01
Jamaica,21,0,2009-06-29
Jamaica,19,0,2009-06-26
Jamaica,19,0,2009-06-24
Jamaica,19,0,2009-06-22
Jamaica,14,0,2009-06-19
Jamaica,12,0,2009-06-17
Jamaica,11,0,2009-06-15
Jamaica,11,0,2009-06-12
Jamaica,10,0,2009-06-11
Jamaica,7,0,2009-06-10
Jamaica,4,0,2009-06-08
Jamaica,2,0,2009-06-05
Jamaica,2,0,2009-06-03
Jamaica,2,0,2009-06-01
Japón,1790,0,2009-07-06
Japón,1446,0,2009-07-03
Japón,1266,0,2009-07-01
Japón,1212,0,2009-06-29
Japón,1049,0,2009-06-26
Japón,893,0,2009-06-24
Japón,850,0,2009-06-22
Japón,690,0,2009-06-19
Japón,666,0,2009-06-17
Japón,605,0,2009-06-15
Japón,549,0,2009-06-12
Japón,518,0,2009-06-11
Japón,485,0,2009-06-10
Japón,410,0,2009-06-08
Japón,410,0,2009-06-05
Japón,385,0,2009-06-03
Japón,370,0,2009-06-01
Japón,364,0,2009-05-29
Japón,360,0,2009-05-27
Japón,350,0,2009-05-26
Japón,345,0,2009-05-25
Japón,321,0,2009-05-23
Jersey,11,0,2009-07-06
Jersey,11,0,2009-07-03
Jersey,8,0,2009-07-01
Jersey,8,0,2009-06-29
Jersey,8,0,2009-06-26
Jersey,3,0,2009-06-24
Jersey,1,0,2009-06-22
Jersey,1,0,2009-06-19
Jordania,23,0,2009-07-06
Jordania,22,0,2009-07-03
Jordania,20,0,2009-07-01
Jordania,18,0,2009-06-29
Jordania,15,0,2009-06-26
Jordania,15,0,2009-06-24
Jordania,13,0,2009-06-22
Jordania,2,0,2009-06-19
Jordania,2,0,2009-06-17
Kenia,15,0,2009-07-06
Kenia,12,0,2009-07-03
Kenia,1,0,2009-07-01
Kuwait,35,0,2009-07-06
Kuwait,35,0,2009-07-03
Kuwait,34,0,2009-07-01
Kuwait,30,0,2009-06-29
Kuwait,30,0,2009-06-26
Kuwait,26,0,2009-06-24
Kuwait,26,0,2009-06-22
Kuwait,18,0,2009-06-19
Kuwait,18,0,2009-06-17
Kuwait,18,0,2009-06-15
Kuwait,18,0,2009-06-12
Kuwait,18,0,2009-06-11
Kuwait,18,0,2009-06-10
Kuwait,18,0,2009-06-08
Kuwait,18,0,2009-06-05
Kuwait,18,0,2009-06-03
Kuwait,18,0,2009-06-01
Kuwait,18,0,2009-05-29
Kuwait,18,0,2009-05-27
Kuwait,18,0,2009-05-26
Kuwait,18,0,2009-05-25
Laos,5,0,2009-07-06
Laos,3,0,2009-07-03
Laos,3,0,2009-07-01
Laos,3,0,2009-06-29
Laos,3,0,2009-06-26
Laos,3,0,2009-06-24
Laos,2,0,2009-06-22
Laos,1,0,2009-06-19
Latvia,1,0,2009-07-06
Latvia,1,0,2009-07-03
Latvia,1,0,2009-07-01
Latvia,1,0,2009-06-29
Latvia,1,0,2009-06-26
Latvia,1,0,2009-06-24
Líbano,49,0,2009-07-06
Líbano,47,0,2009-07-03
Líbano,39,0,2009-07-01
Líbano,25,0,2009-06-29
Líbano,25,0,2009-06-26
Líbano,25,0,2009-06-24
Líbano,12,0,2009-06-22
Líbano,12,0,2009-06-19
Líbano,11,0,2009-06-17
Líbano,8,0,2009-06-15
Líbano,8,0,2009-06-12
Líbano,8,0,2009-06-11
Líbano,8,0,2009-06-10
Líbano,3,0,2009-06-08
Líbano,3,0,2009-06-05
Líbano,3,0,2009-06-03
Libia,1,0,2009-07-06
Lituania,3,0,2009-07-06
Lituania,3,0,2009-07-03
Lituania,1,0,2009-07-01
Lituania,1,0,2009-06-29
Luxemburgo,6,0,2009-07-06
Luxemburgo,4,0,2009-07-03
Luxemburgo,4,0,2009-07-01
Luxemburgo,4,0,2009-06-29
Luxemburgo,3,0,2009-06-26
Luxemburgo,3,0,2009-06-24
Luxemburgo,3,0,2009-06-22
Luxemburgo,2,0,2009-06-19
Luxemburgo,2,0,2009-06-17
Luxemburgo,1,0,2009-06-15
Luxemburgo,1,0,2009-06-12
Luxemburgo,1,0,2009-06-11
Luxemburgo,1,0,2009-06-10
Luxemburgo,1,0,2009-06-08
Luxemburgo,1,0,2009-06-05
Macedonia,2,0,2009-07-06
Malasia,112,0,2009-07-06
Malasia,112,0,2009-07-03
Malasia,112,0,2009-07-01
Malasia,112,0,2009-06-29
Malasia,68,0,2009-06-26
Malasia,68,0,2009-06-24
Malasia,23,0,2009-06-22
Malasia,23,0,2009-06-19
Malasia,17,0,2009-06-17
Malasia,5,0,2009-06-15
Malasia,5,0,2009-06-12
Malasia,5,0,2009-06-11
Malasia,5,0,2009-06-10
Malasia,5,0,2009-06-08
Malasia,2,0,2009-06-05
Malasia,2,0,2009-06-03
Malasia,2,0,2009-06-01
Malasia,2,0,2009-05-29
Malasia,2,0,2009-05-27
Malasia,2,0,2009-05-26
Malasia,2,0,2009-05-25
Malasia,2,0,2009-05-23
Malta,24,0,2009-07-06
Malta,2,0,2009-07-03
Marruecos,17,0,2009-07-06
Marruecos,17,0,2009-07-03
Marruecos,17,0,2009-07-01
Marruecos,11,0,2009-06-29
Marruecos,11,0,2009-06-26
Marruecos,9,0,2009-06-24
Marruecos,8,0,2009-06-19
Marruecos,3,0,2009-06-17
Marruecos,1,0,2009-06-15
Martinica Francesa,1,0,2009-06-17
Martinica,2,0,2009-07-03
Martinica,2,0,2009-07-01
Martinica,2,0,2009-06-29
Martinica,2,0,2009-06-26
Martinica,2,0,2009-06-24
Martinica,1,0,2009-06-22
Martinica,1,0,2009-06-19
Martinica,3,0,2009-07-06
México,10262,119,2009-07-06
México,10262,119,2009-07-03
México,8680,116,2009-07-01
México,8279,116,2009-06-29
México,8279,116,2009-06-26
México,7847,115,2009-06-24
México,7624,113,2009-06-22
México,7624,113,2009-06-19
México,6241,108,2009-06-17
México,6241,108,2009-06-15
México,6241,108,2009-06-12
México,6241,108,2009-06-11
México,5717,106,2009-06-10
México,5717,106,2009-06-08
México,5563,103,2009-06-05
México,5029,97,2009-06-03
México,5029,97,2009-06-01
México,4910,85,2009-05-29
México,4541,83,2009-05-27
México,4174,80,2009-05-26
México,4174,80,2009-05-25
México,3892,75,2009-05-23
Mónaco,1,0,2009-06-29
Montenegro,10,0,2009-07-06
Montenegro,9,0,2009-07-03
Montenegro,4,0,2009-07-01
Montenegro,1,0,2009-06-29
Montenegro,1,0,2009-06-26
Montenegro,1,0,2009-06-24
Marruecos,6,0,2009-06-22
Myanmar,1,0,2009-07-06
Myanmar,1,0,2009-07-03
Myanmar,1,0,2009-07-01
Nepal,5,0,2009-07-06
Nepal,5,0,2009-07-03
Nepal,3,0,2009-07-01
Nepal,3,0,2009-06-29
Nicaragua,321,0,2009-07-06
Nicaragua,308,0,2009-07-03
Nicaragua,293,0,2009-07-01
Nicaragua,277,0,2009-06-29
Nicaragua,265,0,2009-06-26
Nicaragua,220,0,2009-06-24
Nicaragua,189,0,2009-06-22
Nicaragua,144,0,2009-06-19
Nicaragua,118,0,2009-06-17
Nicaragua,56,0,2009-06-15
Nicaragua,56,0,2009-06-12
Nicaragua,45,0,2009-06-11
Nicaragua,29,0,2009-06-10
Nicaragua,18,0,2009-06-08
Nicaragua,5,0,2009-06-05
Nicaragua,1,0,2009-06-03
Noruega,41,0,2009-07-06
Noruega,41,0,2009-07-03
Noruega,32,0,2009-07-01
Noruega,31,0,2009-06-29
Noruega,22,0,2009-06-26
Noruega,22,0,2009-06-24
Noruega,17,0,2009-06-22
Noruega,17,0,2009-06-19
Noruega,13,0,2009-06-17
Noruega,13,0,2009-06-15
Noruega,13,0,2009-06-12
Noruega,13,0,2009-06-11
Noruega,9,0,2009-06-10
Noruega,9,0,2009-06-08
Noruega,9,0,2009-06-05
Noruega,4,0,2009-06-03
Noruega,4,0,2009-06-01
Noruega,4,0,2009-05-29
Noruega,4,0,2009-05-27
Noruega,4,0,2009-05-26
Noruega,4,0,2009-05-25
Noruega,4,0,2009-05-23
Nueva Caledonia,6,0,2009-07-03
Nueva Caledonia,6,0,2009-07-01
Nueva Caledonia,12,0,2009-07-06
Nueva Zelanda,1059,3,2009-07-06
Nueva Zelanda,912,0,2009-07-03
Nueva Zelanda,711,0,2009-07-01
Nueva Zelanda,587,0,2009-06-29
Nueva Zelanda,453,0,2009-06-26
Nueva Zelanda,386,0,2009-06-24
Nueva Zelanda,258,0,2009-06-22
Nueva Zelanda,216,0,2009-06-19
Nueva Zelanda,127,0,2009-06-17
Nueva Zelanda,86,0,2009-06-15
Nueva Zelanda,27,0,2009-06-12
Nueva Zelanda,23,0,2009-06-11
Nueva Zelanda,23,0,2009-06-10
Nueva Zelanda,14,0,2009-06-08
Nueva Zelanda,11,0,2009-06-05
Nueva Zelanda,10,0,2009-06-03
Nueva Zelanda,9,0,2009-06-01
Nueva Zelanda,9,0,2009-05-29
Nueva Zelanda,9,0,2009-05-27
Nueva Zelanda,9,0,2009-05-26
Nueva Zelanda,9,0,2009-05-25
Nueva Zelanda,9,0,2009-05-23
Omán,4,0,2009-07-06
Omán,3,0,2009-07-03
Omán,3,0,2009-07-01
Omán,3,0,2009-06-29
Omán,3,0,2009-06-26
Omán,3,0,2009-06-24
Omán,3,0,2009-06-22
Omán,3,0,2009-06-19
Países Bajos,135,0,2009-07-06
Países Bajos,134,0,2009-07-03
Países Bajos,128,0,2009-07-01
Países Bajos,118,0,2009-06-29
Países Bajos,116,0,2009-06-26
Países Bajos,110,0,2009-06-24
Países Bajos,91,0,2009-06-22
Países Bajos,87,0,2009-06-19
Países Bajos,68,0,2009-06-17
Países Bajos,61,0,2009-06-15
Países Bajos,35,0,2009-06-12
Países Bajos,30,0,2009-06-11
Países Bajos,22,0,2009-06-10
Países Bajos,10,0,2009-06-08
Países Bajos,4,0,2009-06-05
Países Bajos,4,0,2009-06-03
Países Bajos,3,0,2009-06-01
Países Bajos,3,0,2009-05-29
Países Bajos,3,0,2009-05-27
Países Bajos,3,0,2009-05-26
Países Bajos,3,0,2009-05-25
Países Bajos,3,0,2009-05-23
Palau,1,0,2009-07-06
Palau,1,0,2009-07-03
Panamá,417,0,2009-07-06
Panamá,417,0,2009-07-03
Panamá,417,0,2009-07-01
Panamá,403,0,2009-06-29
Panamá,358,0,2009-06-26
Panamá,330,0,2009-06-24
Panamá,330,0,2009-06-22
Panamá,272,0,2009-06-19
Panamá,272,0,2009-06-17
Panamá,272,0,2009-06-15
Panamá,221,0,2009-06-12
Panamá,221,0,2009-06-11
Panamá,221,0,2009-06-10
Panamá,179,0,2009-06-08
Panamá,173,0,2009-06-05
Panamá,155,0,2009-06-03
Panamá,107,0,2009-06-01
Panamá,107,0,2009-05-29
Panamá,76,0,2009-05-27
Panamá,76,0,2009-05-26
Panamá,76,0,2009-05-25
Panamá,76,0,2009-05-23
Papúa Nueva Guinea,1,0,2009-07-06
Papúa Nueva Guinea,1,0,2009-07-03
Papúa Nueva Guinea,1,0,2009-07-01
Papúa Nueva Guinea,1,0,2009-06-29
Papúa Nueva Guinea,1,0,2009-06-26
Papúa Nueva Guinea,1,0,2009-06-24
Papúa Nueva Guinea,1,0,2009-06-22
Papúa Nueva Guinea,1,0,2009-06-19
Paraguay,106,1,2009-07-06
Paraguay,103,0,2009-07-03
Paraguay,96,0,2009-07-01
Paraguay,85,0,2009-06-29
Paraguay,79,0,2009-06-26
Paraguay,58,0,2009-06-24
Paraguay,48,0,2009-06-22
Paraguay,27,0,2009-06-19
Paraguay,25,0,2009-06-17
Paraguay,25,0,2009-06-15
Paraguay,25,0,2009-06-12
Paraguay,25,0,2009-06-11
Paraguay,16,0,2009-06-10
Paraguay,5,0,2009-06-08
Paraguay,5,0,2009-06-05
Paraguay,5,0,2009-06-03
Paraguay,5,0,2009-06-01
Perú,916,0,2009-07-06
Perú,538,0,2009-07-03
Perú,538,0,2009-07-01
Perú,360,0,2009-06-29
Perú,252,0,2009-06-26
Perú,217,0,2009-06-24
Perú,185,0,2009-06-22
Perú,141,0,2009-06-19
Perú,112,0,2009-06-17
Perú,91,0,2009-06-15
Perú,79,0,2009-06-12
Perú,64,0,2009-06-11
Perú,64,0,2009-06-10
Perú,61,0,2009-06-08
Perú,47,0,2009-06-05
Perú,40,0,2009-06-03
Perú,36,0,2009-06-01
Perú,31,0,2009-05-29
Perú,27,0,2009-05-27
Perú,27,0,2009-05-26
Perú,25,0,2009-05-25
Perú,5,0,2009-05-23
Polinesia Francesa,1,0,2009-06-17
Polinesia Francesa,2,0,2009-07-03
Polinesia Francesa,2,0,2009-07-01
Polinesia Francesa,3,0,2009-06-29
Polinesia Francesa,1,0,2009-06-26
Polinesia Francesa,1,0,2009-06-24
Polinesia Francesa,1,0,2009-06-22
Polinesia Francesa,1,0,2009-06-19
Polinesia Francesa,4,0,2009-07-06
Polonia,25,0,2009-07-06
Polonia,19,0,2009-07-03
Polonia,15,0,2009-07-01
Polonia,14,0,2009-06-29
Polonia,13,0,2009-06-26
Polonia,13,0,2009-06-24
Polonia,13,0,2009-06-22
Polonia,7,0,2009-06-19
Polonia,7,0,2009-06-17
Polonia,7,0,2009-06-15
Polonia,7,0,2009-06-12
Polonia,7,0,2009-06-11
Polonia,6,0,2009-06-10
Polonia,5,0,2009-06-08
Polonia,4,0,2009-06-05
Polonia,4,0,2009-06-03
Polonia,4,0,2009-06-01
Polonia,4,0,2009-05-29
Polonia,3,0,2009-05-27
Polonia,3,0,2009-05-26
Polonia,3,0,2009-05-25
Polonia,2,0,2009-05-23
Portugal,42,0,2009-07-06
Portugal,27,0,2009-07-03
Portugal,17,0,2009-07-01
Portugal,11,0,2009-06-29
Portugal,7,0,2009-06-26
Portugal,6,0,2009-06-24
Portugal,6,0,2009-06-22
Portugal,5,0,2009-06-19
Portugal,3,0,2009-06-17
Portugal,3,0,2009-06-15
Portugal,2,0,2009-06-12
Portugal,2,0,2009-06-11
Portugal,2,0,2009-06-10
Portugal,2,0,2009-06-08
Portugal,2,0,2009-06-05
Portugal,2,0,2009-06-03
Portugal,1,0,2009-06-01
Portugal,1,0,2009-05-29
Portugal,1,0,2009-05-27
Portugal,1,0,2009-05-26
Portugal,1,0,2009-05-25
Portugal,1,0,2009-05-23
Puerto Rico,18,0,2009-07-06
Qatar,23,0,2009-07-06
Qatar,10,0,2009-07-03
Qatar,10,0,2009-07-01
Qatar,10,0,2009-06-29
Qatar,10,0,2009-06-26
Qatar,10,0,2009-06-24
Qatar,8,0,2009-06-22
Qatar,3,0,2009-06-19
Qatar,3,0,2009-06-17
Reino Unido,7447,3,2009-07-06
Reino Unido,7447,3,2009-07-03
Reino Unido,6538,3,2009-07-01
Reino Unido,4250,1,2009-06-29
Reino Unido,3597,1,2009-06-26
Reino Unido,2905,1,2009-06-24
Reino Unido,2506,1,2009-06-22
Reino Unido,1752,1,2009-06-19
Reino Unido,1461,1,2009-06-17
Reino Unido,1226,0,2009-06-15
Reino Unido,822,0,2009-06-12
Reino Unido,822,0,2009-06-11
Reino Unido,666,0,2009-06-10
Reino Unido,557,0,2009-06-08
Reino Unido,428,0,2009-06-05
Reino Unido,339,0,2009-06-03
Reino Unido,229,0,2009-06-01
Reino Unido,203,0,2009-05-29
Reino Unido,137,0,2009-05-27
Reino Unido,137,0,2009-05-26
Reino Unido,122,0,2009-05-25
Reino Unido,117,0,2009-05-23
República Checa,15,0,2009-07-06
República Checa,15,0,2009-07-03
República Checa,9,0,2009-07-01
República Checa,9,0,2009-06-29
República Checa,9,0,2009-06-26
República Checa,7,0,2009-06-24
República Checa,7,0,2009-06-22
República Checa,5,0,2009-06-19
República Checa,4,0,2009-06-17
República Checa,4,0,2009-06-15
República Checa,4,0,2009-06-12
República Checa,4,0,2009-06-11
República Checa,2,0,2009-06-10
República Checa,2,0,2009-06-08
República Checa,2,0,2009-06-05
República Checa,1,0,2009-06-03
República Checa,1,0,2009-06-01
República Checa,1,0,2009-05-29
República de Corea,202,0,2009-07-06
República de Corea,202,0,2009-07-03
República de Corea,202,0,2009-07-01
República de Corea,202,0,2009-06-29
República de Corea,142,0,2009-06-26
República de Corea,115,0,2009-06-24
República de Corea,105,0,2009-06-22
República de Corea,84,0,2009-06-19
República de Corea,65,0,2009-06-17
República de Corea,65,0,2009-06-15
República de Corea,53,0,2009-06-12
República de Corea,53,0,2009-06-11
República de Corea,48,0,2009-06-10
República de Corea,47,0,2009-06-08
República de Corea,41,0,2009-06-05
República de Corea,41,0,2009-06-03
República de Corea,33,0,2009-06-01
República de Corea,33,0,2009-05-29
República de Corea,21,0,2009-05-27
República de Corea,21,0,2009-05-26
República de Corea,3,0,2009-05-25
República de Corea,3,0,2009-05-23
República Dominicana,108,2,2009-07-06
República Dominicana,108,2,2009-07-03
República Dominicana,108,2,2009-07-01
República Dominicana,108,2,2009-06-29
República Dominicana,108,2,2009-06-26
República Dominicana,108,2,2009-06-24
República Dominicana,93,1,2009-06-22
República Dominicana,93,1,2009-06-19
República Dominicana,93,1,2009-06-17
República Dominicana,93,1,2009-06-15
República Dominicana,91,1,2009-06-12
República Dominicana,91,1,2009-06-11
República Dominicana,91,1,2009-06-10
República Dominicana,44,1,2009-06-08
República Dominicana,33,0,2009-06-05
República Dominicana,11,0,2009-06-03
República Dominicana,2,0,2009-06-01
República Dominicana,2,0,2009-05-29
Rumania,41,0,2009-07-06
Rumania,36,0,2009-07-03
Rumania,28,0,2009-07-01
Rumania,24,0,2009-06-29
Rumania,19,0,2009-06-26
Rumania,19,0,2009-06-24
Rumania,18,0,2009-06-22
Rumania,18,0,2009-06-19
Rumania,16,0,2009-06-17
Rumania,13,0,2009-06-15
Rumania,11,0,2009-06-12
Rumania,11,0,2009-06-11
Rumania,9,0,2009-06-10
Rumania,9,0,2009-06-08
Rumania,8,0,2009-06-05
Rumania,5,0,2009-06-03
Rumania,3,0,2009-06-01
Rumania,3,0,2009-05-29
Rusia,3,0,2009-07-06
Rusia,3,0,2009-07-03
Rusia,3,0,2009-07-01
Rusia,3,0,2009-06-29
Rusia,3,0,2009-06-26
Rusia,3,0,2009-06-24
Rusia,3,0,2009-06-22
Rusia,3,0,2009-06-19
Rusia,3,0,2009-06-17
Rusia,3,0,2009-06-15
Rusia,3,0,2009-06-12
Rusia,3,0,2009-06-11
Rusia,3,0,2009-06-10
Rusia,3,0,2009-06-08
Rusia,3,0,2009-06-05
Rusia,3,0,2009-06-03
Rusia,3,0,2009-06-01
Rusia,2,0,2009-05-29
Rusia,2,0,2009-05-27
Rusia,2,0,2009-05-26
Rusia,1,0,2009-05-25
Rusia,1,0,2009-05-23
Samoa,1,0,2009-07-06
Samoa,1,0,2009-07-03
Samoa,1,0,2009-07-01
Samoa,1,0,2009-06-29
Samoa,1,0,2009-06-26
Samoa,1,0,2009-06-24
Samoa,1,0,2009-06-22
Samoa,1,0,2009-06-19
Samoa,1,0,2009-06-17
San Martín,7,0,2009-07-06
San Martín,7,0,2009-07-03
San Martín,7,0,2009-07-01
San Martín,1,0,2009-06-29
San Martín,1,0,2009-06-26
San Martín,1,0,2009-06-24
San Martín,1,0,2009-06-22
San Martín,1,0,2009-06-19
San Martín,1,0,2009-07-06
Santa Lucía,1,0,2009-07-06
Santa Lucía,1,0,2009-07-03
Santa Lucía,1,0,2009-07-01
Serbia,15,0,2009-07-06
Serbia,15,0,2009-07-03
Serbia,12,0,2009-07-01
Serbia,5,0,2009-06-29
Serbia,2,0,2009-06-26
Singapur,1055,0,2009-07-06
Singapur,878,0,2009-07-03
Singapur,701,0,2009-07-01
Singapur,599,0,2009-06-29
Singapur,315,0,2009-06-26
Singapur,194,0,2009-06-24
Singapur,142,0,2009-06-22
Singapur,77,0,2009-06-19
Singapur,49,0,2009-06-17
Singapur,47,0,2009-06-15
Singapur,18,0,2009-06-12
Singapur,18,0,2009-06-11
Singapur,18,0,2009-06-10
Singapur,15,0,2009-06-08
Singapur,12,0,2009-06-05
Singapur,9,0,2009-06-03
Singapur,5,0,2009-06-01
Singapur,4,0,2009-05-29
Singapur,1,0,2009-05-27
Siria,1,0,2009-07-06
Sri Lanka,19,0,2009-07-06
Sri Lanka,17,0,2009-07-03
Sri Lanka,15,0,2009-07-01
Sri Lanka,9,0,2009-06-29
Sri Lanka,7,0,2009-06-26
Sri Lanka,5,0,2009-06-24
Sri Lanka,4,0,2009-06-22
Sri Lanka,1,0,2009-06-19
Sri Lanka,1,0,2009-06-17
Sudáfrica,18,0,2009-07-06
Sudáfrica,12,0,2009-07-03
Sudáfrica,1,0,2009-07-01
Sudáfrica,1,0,2009-06-29
Sudáfrica,1,0,2009-06-26
Sudáfrica,1,0,2009-06-24
Sudáfrica,1,0,2009-06-22
Sudáfrica,1,0,2009-06-19
Suecia,84,0,2009-07-06
Suecia,74,0,2009-07-03
Suecia,69,0,2009-07-01
Suecia,67,0,2009-06-29
Suecia,61,0,2009-06-26
Suecia,55,0,2009-06-24
Suecia,48,0,2009-06-22
Suecia,43,0,2009-06-19
Suecia,37,0,2009-06-17
Suecia,32,0,2009-06-15
Suecia,19,0,2009-06-12
Suecia,19,0,2009-06-11
Suecia,16,0,2009-06-10
Suecia,14,0,2009-06-08
Suecia,13,0,2009-06-05
Suecia,7,0,2009-06-03
Suecia,4,0,2009-06-01
Suecia,4,0,2009-05-29
Suecia,3,0,2009-05-27
Suecia,3,0,2009-05-26
Suecia,3,0,2009-05-25
Suecia,3,0,2009-05-23
Suiza,76,0,2009-07-06
Suiza,72,0,2009-07-03
Suiza,56,0,2009-07-01
Suiza,49,0,2009-06-29
Suiza,47,0,2009-06-26
Suiza,33,0,2009-06-24
Suiza,31,0,2009-06-22
Suiza,27,0,2009-06-19
Suiza,27,0,2009-06-17
Suiza,22,0,2009-06-15
Suiza,20,0,2009-06-12
Suiza,20,0,2009-06-11
Suiza,16,0,2009-06-10
Suiza,16,0,2009-06-08
Suiza,10,0,2009-06-05
Suiza,10,0,2009-06-03
Suiza,8,0,2009-06-01
Suiza,4,0,2009-05-29
Suiza,3,0,2009-05-27
Suiza,3,0,2009-05-26
Suiza,3,0,2009-05-25
Suiza,2,0,2009-05-23
Surinam,11,0,2009-07-06
Surinam,11,0,2009-07-03
Surinam,11,0,2009-07-01
Surinam,11,0,2009-06-29
Surinam,11,0,2009-06-26
Surinam,11,0,2009-06-24
Surinam,11,0,2009-06-22
Surinam,11,0,2009-06-19
Tailandia,2076,7,2009-07-06
Tailandia,1414,3,2009-07-03
Tailandia,1414,3,2009-07-01
Tailandia,774,0,2009-06-29
Tailandia,774,0,2009-06-26
Tailandia,774,0,2009-06-24
Tailandia,589,0,2009-06-22
Tailandia,518,0,2009-06-19
Tailandia,310,0,2009-06-17
Tailandia,29,0,2009-06-15
Tailandia,8,0,2009-06-12
Tailandia,8,0,2009-06-11
Tailandia,8,0,2009-06-10
Tailandia,8,0,2009-06-08
Tailandia,8,0,2009-06-05
Tailandia,2,0,2009-06-03
Tailandia,2,0,2009-06-01
Tailandia,2,0,2009-05-29
Tailandia,2,0,2009-05-27
Tailandia,2,0,2009-05-26
Tailandia,2,0,2009-05-25
Tailandia,2,0,2009-05-23
Trinidad y Tobago,65,0,2009-07-06
Trinidad y Tobago,53,0,2009-07-03
Trinidad y Tobago,53,0,2009-07-01
Trinidad y Tobago,53,0,2009-06-29
Trinidad y Tobago,25,0,2009-06-26
Trinidad y Tobago,25,0,2009-06-24
Trinidad y Tobago,18,0,2009-06-22
Trinidad y Tobago,18,0,2009-06-19
Trinidad y Tobago,5,0,2009-06-17
Trinidad y Tobago,5,0,2009-06-15
Trinidad y Tobago,4,0,2009-06-12
Trinidad y Tobago,2,0,2009-06-11
Trinidad y Tobago,2,0,2009-06-10
Trinidad y Tobago,2,0,2009-06-08
Túnez,5,0,2009-07-06
Túnez,3,0,2009-07-03
Túnez,3,0,2009-07-01
Túnez,2,0,2009-06-29
Túnez,2,0,2009-06-26
Túnez,2,0,2009-06-24
Turquía,40,0,2009-07-06
Turquía,40,0,2009-07-03
Turquía,32,0,2009-07-01
Turquía,27,0,2009-06-29
Turquía,26,0,2009-06-26
Turquía,26,0,2009-06-24
Turquía,20,0,2009-06-22
Turquía,20,0,2009-06-19
Turquía,16,0,2009-06-17
Turquía,10,0,2009-06-15
Turquía,10,0,2009-06-12
Turquía,10,0,2009-06-11
Turquía,10,0,2009-06-10
Turquía,10,0,2009-06-08
Turquía,8,0,2009-06-05
Turquía,4,0,2009-06-03
Turquía,4,0,2009-06-01
Turquía,2,0,2009-05-29
Turquía,2,0,2009-05-27
Turquía,2,0,2009-05-26
Turquía,2,0,2009-05-25
Turquía,2,0,2009-05-23
Ucrania,1,0,2009-07-06
Ucrania,1,0,2009-07-03
Ucrania,1,0,2009-07-01
Ucrania,1,0,2009-06-29
Ucrania,1,0,2009-06-26
Ucrania,1,0,2009-06-24
Ucrania,1,0,2009-06-22
Ucrania,1,0,2009-06-19
Ucrania,1,0,2009-06-17
Ucrania,1,0,2009-06-15
Ucrania,1,0,2009-06-12
Ucrania,1,0,2009-06-11
Ucrania,1,0,2009-06-10
Uganda,1,0,2009-07-06
Uganda,1,0,2009-07-03
Uruguay,195,4,2009-07-06
Uruguay,195,1,2009-07-03
Uruguay,195,1,2009-07-01
Uruguay,195,0,2009-06-29
Uruguay,195,0,2009-06-26
Uruguay,195,0,2009-06-24
Uruguay,36,0,2009-06-22
Uruguay,36,0,2009-06-19
Uruguay,36,0,2009-06-17
Uruguay,36,0,2009-06-15
Uruguay,36,0,2009-06-12
Uruguay,24,0,2009-06-11
Uruguay,24,0,2009-06-10
Uruguay,17,0,2009-06-08
Uruguay,15,0,2009-06-05
Uruguay,15,0,2009-06-03
Uruguay,11,0,2009-06-01
Uruguay,2,0,2009-05-29
Vanuatu,2,0,2009-07-06
Vanuatu,2,0,2009-07-03
Vanuatu,2,0,2009-07-01
Vanuatu,2,0,2009-06-29
Vanuatu,2,0,2009-06-26
Vanuatu,1,NA,2009-06-24
Venezuela,206,0,2009-07-06
Venezuela,204,0,2009-07-03
Venezuela,193,0,2009-07-01
Venezuela,172,0,2009-06-29
Venezuela,153,0,2009-06-26
Venezuela,135,0,2009-06-24
Venezuela,71,0,2009-06-22
Venezuela,60,0,2009-06-19
Venezuela,45,0,2009-06-17
Venezuela,25,0,2009-06-15
Venezuela,25,0,2009-06-12
Venezuela,13,0,2009-06-11
Venezuela,12,0,2009-06-10
Venezuela,4,0,2009-06-08
Venezuela,4,0,2009-06-05
Venezuela,3,0,2009-06-03
Venezuela,2,0,2009-06-01
Vietnam,181,0,2009-07-06
Vietnam,131,0,2009-07-03
Vietnam,123,0,2009-07-01
Vietnam,84,0,2009-06-29
Vietnam,63,0,2009-06-26
Vietnam,56,0,2009-06-24
Vietnam,35,0,2009-06-22
Vietnam,27,0,2009-06-19
Vietnam,27,0,2009-06-17
Vietnam,25,0,2009-06-15
Vietnam,23,0,2009-06-12
Vietnam,16,0,2009-06-11
Vietnam,15,0,2009-06-10
Vietnam,9,0,2009-06-08
Vietnam,3,0,2009-06-05
Vietnam,3,0,2009-06-03
Vietnam,1,0,2009-06-01
West Bank y Franja de Gaza,60,0,2009-07-06
West Bank y Franja de Gaza,30,0,2009-07-03
West Bank y Franja de Gaza,13,0,2009-07-01
West Bank y Franja de Gaza,9,0,2009-06-29
West Bank y Franja de Gaza,9,0,2009-06-26
West Bank y Franja de Gaza,8,0,2009-06-24
West Bank y Franja de Gaza,8,0,2009-06-22
West Bank y Franja de Gaza,5,0,2009-06-19
West Bank y Franja de Gaza,2,0,2009-06-17
West Bank y Franja de Gaza,2,0,2009-06-15
Yemen,8,0,2009-07-06
Yemen,7,0,2009-07-03
Yemen,7,0,2009-07-01
Yemen,6,0,2009-06-29
Yemen,6,0,2009-06-26
Yemen,6,0,2009-06-24
Yemen,5,0,2009-06-22
Yemen,4,0,2009-06-19
Yemen,1,0,2009-06-17
