ID_poke,nombre_ingles,nombre_traducido,tipo_1,tipo_2,total,puntos_vida,ataque,defensa,fuerza_especial_ataque,fuerza_especial_defensa,velocidad,generacion,es_legendario,nivel_evolucion
1,Bulbasaur,Bulbasaur,Césped,Veneno,318,45,49,49,65,65,45,1,FALSO,1
2,Ivysaur,Ivysaur,Césped,Veneno,405,60,62,63,80,80,60,1,FALSO,2
3,Venusaur,Venusaur,Césped,Veneno,525,80,82,83,100,100,80,1,FALSO,3
3,Venusaur Mega,Venusaur Mega,Césped,Veneno,625,80,100,123,122,120,80,1,FALSO,3
4,Charmander,Charmander,Fuego,NA,309,39,52,43,60,50,65,1,FALSO,1
5,Charmeleon,Charmeleon,Fuego,NA,405,58,64,58,80,65,80,1,FALSO,2
6,Charizard,Charizard,Fuego,Volador,534,78,84,78,109,85,100,1,FALSO,3
6,Charizard Mega X,Charizard Mega X,Fuego,Dragón,634,78,130,111,130,85,100,1,FALSO,3
6,Charizard Mega Y,Charizard Mega Y,Fuego,Volador,634,78,104,78,159,115,100,1,FALSO,3
7,Squirtle,Squirtle,Agua,NA,314,44,48,65,50,64,43,1,FALSO,1
8,Wartortle,Wartortle,Agua,NA,405,59,63,80,65,80,58,1,FALSO,2
9,Blastoise,Blastoise,Agua,NA,530,79,83,100,85,105,78,1,FALSO,3
9,Blastoise Mega,Blastoise Mega,Agua,NA,630,79,103,120,135,115,78,1,FALSO,3
10,Caterpie,Caterpie,Bicho,NA,195,45,30,35,20,20,45,1,FALSO,1
11,Metapod,Metapod,Bicho,NA,205,50,20,55,25,25,30,1,FALSO,2
12,Butterfree,Butterfree,Bicho,Volador,395,60,45,50,90,80,70,1,FALSO,3
13,Weedle,Weedle,Bicho,Veneno,195,40,35,30,20,20,50,1,FALSO,1
14,Kakuna,Kakuna,Bicho,Veneno,205,45,25,50,25,25,35,1,FALSO,2
15,Beedrill,Beedrill,Bicho,Veneno,395,65,90,40,45,80,75,1,FALSO,3
15,Beedrill Mega,Beedrill Mega,Bicho,Veneno,495,65,150,40,15,80,145,1,FALSO,3
16,Pidgey,Pidgey,Normal,Volador,251,40,45,40,35,35,56,1,FALSO,1
17,Pidgeotto,Pidgeotto,Normal,Volador,349,63,60,55,50,50,71,1,FALSO,2
18,Pidgeot,Pidgeot,Normal,Volador,479,83,80,75,70,70,101,1,FALSO,3
18,Pidgeot Mega,Pidgeot Mega,Normal,Volador,579,83,80,80,135,80,121,1,FALSO,3
19,Rattata,Rattata,Normal,NA,253,30,56,35,25,35,72,1,FALSO,1
20,Raticate,Raticate,Normal,NA,413,55,81,60,50,70,97,1,FALSO,2
21,Spearow,Spearow,Normal,Volador,262,40,60,30,31,31,70,1,FALSO,1
22,Fearow,Fearow,Normal,Volador,442,65,90,65,61,61,100,1,FALSO,2
23,Ekans,Ekans,Veneno,NA,288,35,60,44,40,54,55,1,FALSO,1
24,Arbok,Arbok,Veneno,NA,438,60,85,69,65,79,80,1,FALSO,2
25,Pikachu,Pikachu,Eléctrico,NA,320,35,55,40,50,50,90,1,FALSO,2
26,Raichu,Raichu,Eléctrico,NA,485,60,90,55,90,80,110,1,FALSO,3
27,Sandshrew,Sandshrew,Tierra,NA,300,50,75,85,20,30,40,1,FALSO,1
28,Sandslash,Sandslash,Tierra,NA,450,75,100,110,45,55,65,1,FALSO,2
29,Nidoran♀,Nidoran♀,Veneno,NA,275,55,47,52,40,40,41,1,FALSO,1
30,Nidorina,Nidorina,Veneno,NA,365,70,62,67,55,55,56,1,FALSO,2
31,Nidoqueen,Nidoqueen,Veneno,Tierra,505,90,92,87,75,85,76,1,FALSO,3
32,Nidoran♂,Nidoran♂,Veneno,NA,273,46,57,40,40,40,50,1,FALSO,1
33,Nidorino,Nidorino,Veneno,NA,365,61,72,57,55,55,65,1,FALSO,2
34,Nidoking,Nidoking,Veneno,Tierra,505,81,102,77,85,75,85,1,FALSO,3
35,Clefairy,Clefairy,Hada,NA,323,70,45,48,60,65,35,1,FALSO,1
36,Clefable,Clefable,Hada,NA,483,95,70,73,95,90,60,1,FALSO,2
37,Vulpix,Vulpix,Fuego,NA,299,38,41,40,50,65,65,1,FALSO,1
38,Ninetales,Ninetales,Fuego,NA,505,73,76,75,81,100,100,1,FALSO,2
39,Jigglypuff,Jigglypuff,Normal,Hada,270,115,45,20,45,25,20,1,FALSO,2
40,Wigglytuff,Wigglytuff,Normal,Hada,435,140,70,45,85,50,45,1,FALSO,3
41,Zubat,Zubat,Veneno,Volador,245,40,45,35,30,40,55,1,FALSO,1
42,Golbat,Golbat,Veneno,Volador,455,75,80,70,65,75,90,1,FALSO,2
43,Oddish,Oddish,Césped,Veneno,320,45,50,55,75,65,30,1,FALSO,1
44,Gloom,Gloom,Césped,Veneno,395,60,65,70,85,75,40,1,FALSO,2
45,Vileplume,Vileplume,Césped,Veneno,490,75,80,85,110,90,50,1,FALSO,3
46,Paras,Paras,Bicho,Césped,285,35,70,55,45,55,25,1,FALSO,1
47,Parasect,Parasect,Bicho,Césped,405,60,95,80,60,80,30,1,FALSO,2
48,Venonat,Venonat,Bicho,Veneno,305,60,55,50,40,55,45,1,FALSO,1
49,Venomoth,Venomoth,Bicho,Veneno,450,70,65,60,90,75,90,1,FALSO,2
50,Diglett,Diglett,Tierra,NA,265,10,55,25,35,45,95,1,FALSO,1
51,Dugtrio,Dugtrio,Tierra,NA,405,35,80,50,50,70,120,1,FALSO,2
52,Meowth,Meowth,Normal,NA,290,40,45,35,40,40,90,1,FALSO,1
53,Persian,Persian,Normal,NA,440,65,70,60,65,65,115,1,FALSO,2
54,Psyduck,Psyduck,Agua,NA,320,50,52,48,65,50,55,1,FALSO,1
55,Golduck,Golduck,Agua,NA,500,80,82,78,95,80,85,1,FALSO,2
56,Mankey,Mankey,Luchador,NA,305,40,80,35,35,45,70,1,FALSO,1
57,Primeape,Primeape,Luchador,NA,455,65,105,60,60,70,95,1,FALSO,2
58,Growlithe,Growlithe,Fuego,NA,350,55,70,45,70,50,60,1,FALSO,1
59,Arcanine,Arcanine,Fuego,NA,555,90,110,80,100,80,95,1,FALSO,2
60,Poliwag,Poliwag,Agua,NA,300,40,50,40,40,40,90,1,FALSO,1
61,Poliwhirl,Poliwhirl,Agua,NA,385,65,65,65,50,50,90,1,FALSO,2
62,Poliwrath,Poliwrath,Agua,Luchador,510,90,95,95,70,90,70,1,FALSO,3
63,Abra,Abra,Psíquico,NA,310,25,20,15,105,55,90,1,FALSO,1
64,Kadabra,Kadabra,Psíquico,NA,400,40,35,30,120,70,105,1,FALSO,2
65,Alakazam,Alakazam,Psíquico,NA,500,55,50,45,135,95,120,1,FALSO,3
65,Alakazam Mega,Alakazam Mega,Psíquico,NA,590,55,50,65,175,95,150,1,FALSO,3
66,Machop,Machop,Luchador,NA,305,70,80,50,35,35,35,1,FALSO,1
67,Machoke,Machoke,Luchador,NA,405,80,100,70,50,60,45,1,FALSO,2
68,Machamp,Machamp,Luchador,NA,505,90,130,80,65,85,55,1,FALSO,3
69,Bellsprout,Bellsprout,Césped,Veneno,300,50,75,35,70,30,40,1,FALSO,1
70,Weepinbell,Weepinbell,Césped,Veneno,390,65,90,50,85,45,55,1,FALSO,2
71,Victreebel,Victreebel,Césped,Veneno,490,80,105,65,100,70,70,1,FALSO,3
72,Tentacool,Tentacool,Agua,Veneno,335,40,40,35,50,100,70,1,FALSO,1
73,Tentacruel,Tentacruel,Agua,Veneno,515,80,70,65,80,120,100,1,FALSO,2
74,Geodude,Geodude,Roca,Tierra,300,40,80,100,30,30,20,1,FALSO,1
75,Graveler,Graveler,Roca,Tierra,390,55,95,115,45,45,35,1,FALSO,2
76,Golem,Golem,Roca,Tierra,495,80,120,130,55,65,45,1,FALSO,3
77,Ponyta,Ponyta,Fuego,NA,410,50,85,55,65,65,90,1,FALSO,1
78,Rapidash,Rapidash,Fuego,NA,500,65,100,70,80,80,105,1,FALSO,2
79,Slowpoke,Slowpoke,Agua,Psíquico,315,90,65,65,40,40,15,1,FALSO,1
80,Slowbro,Slowbro,Agua,Psíquico,490,95,75,110,100,80,30,1,FALSO,2
80,Slowbro Mega,Slowbro Mega,Agua,Psíquico,590,95,75,180,130,80,30,1,FALSO,2
81,Magnemite,Magnemite,Eléctrico,Acero,325,25,35,70,95,55,45,1,FALSO,1
82,Magneton,Magneton,Eléctrico,Acero,465,50,60,95,120,70,70,1,FALSO,2
83,Farfetch'd,Farfetch'd,Normal,Volador,352,52,65,55,58,62,60,1,FALSO,NA
84,Doduo,Doduo,Normal,Volador,310,35,85,45,35,35,75,1,FALSO,1
85,Dodrio,Dodrio,Normal,Volador,460,60,110,70,60,60,100,1,FALSO,2
86,Seel,Seel,Agua,NA,325,65,45,55,45,70,45,1,FALSO,1
87,Dewgong,Dewgong,Agua,Hielo,475,90,70,80,70,95,70,1,FALSO,2
88,Grimer,Grimer,Veneno,NA,325,80,80,50,40,50,25,1,FALSO,1
89,Muk,Muk,Veneno,NA,500,105,105,75,65,100,50,1,FALSO,2
90,Shellder,Shellder,Agua,NA,305,30,65,100,45,25,40,1,FALSO,1
91,Cloyster,Cloyster,Agua,Hielo,525,50,95,180,85,45,70,1,FALSO,2
92,Gastly,Gastly,Fantasma,Veneno,310,30,35,30,100,35,80,1,FALSO,1
93,Haunter,Haunter,Fantasma,Veneno,405,45,50,45,115,55,95,1,FALSO,2
94,Gengar,Gengar,Fantasma,Veneno,500,60,65,60,130,75,110,1,FALSO,3
94,Gengar Mega,Gengar Mega,Fantasma,Veneno,600,60,65,80,170,95,130,1,FALSO,3
95,Onix,Onix,Roca,Tierra,385,35,45,160,30,45,70,1,FALSO,1
96,Drowzee,Drowzee,Psíquico,NA,328,60,48,45,43,90,42,1,FALSO,1
97,Hypno,Hypno,Psíquico,NA,483,85,73,70,73,115,67,1,FALSO,2
98,Krabby,Krabby,Agua,NA,325,30,105,90,25,25,50,1,FALSO,1
99,Kingler,Kingler,Agua,NA,475,55,130,115,50,50,75,1,FALSO,2
100,Voltorb,Voltorb,Eléctrico,NA,330,40,30,50,55,55,100,1,FALSO,1
101,Electrode,Electrode,Eléctrico,NA,480,60,50,70,80,80,140,1,FALSO,2
102,Exeggcute,Exeggcute,Césped,Psíquico,325,60,40,80,60,45,40,1,FALSO,1
103,Exeggutor,Exeggutor,Césped,Psíquico,520,95,95,85,125,65,55,1,FALSO,2
104,Cubone,Cubone,Tierra,NA,320,50,50,95,40,50,35,1,FALSO,1
105,Marowak,Marowak,Tierra,NA,425,60,80,110,50,80,45,1,FALSO,2
106,Hitmonlee,Hitmonlee,Luchador,NA,455,50,120,53,35,110,87,1,FALSO,2
107,Hitmonchan,Hitmonchan,Luchador,NA,455,50,105,79,35,110,76,1,FALSO,2
108,Lickitung,Lickitung,Normal,NA,385,90,55,75,60,75,30,1,FALSO,1
109,Koffing,Koffing,Veneno,NA,340,40,65,95,60,45,35,1,FALSO,1
110,Weezing,Weezing,Veneno,NA,490,65,90,120,85,70,60,1,FALSO,2
111,Rhyhorn,Rhyhorn,Tierra,Roca,345,80,85,95,30,30,25,1,FALSO,1
112,Rhydon,Rhydon,Tierra,Roca,485,105,130,120,45,45,40,1,FALSO,2
113,Chansey,Chansey,Normal,NA,450,250,5,5,35,105,50,1,FALSO,2
114,Tangela,Tangela,Césped,NA,435,65,55,115,100,40,60,1,FALSO,1
115,Kangaskhan,Kangaskhan,Normal,NA,490,105,95,80,40,80,90,1,FALSO,NA
115,Kangaskhan Mega,Kangaskhan Mega,Normal,NA,590,105,125,100,60,100,100,1,FALSO,NA
116,Horsea,Horsea,Agua,NA,295,30,40,70,70,25,60,1,FALSO,1
117,Seadra,Seadra,Agua,NA,440,55,65,95,95,45,85,1,FALSO,2
118,Goldeen,Goldeen,Agua,NA,320,45,67,60,35,50,63,1,FALSO,1
119,Seaking,Seaking,Agua,NA,450,80,92,65,65,80,68,1,FALSO,2
120,Staryu,Staryu,Agua,NA,340,30,45,55,70,55,85,1,FALSO,1
121,Starmie,Starmie,Agua,Psíquico,520,60,75,85,100,85,115,1,FALSO,2
122,Mr. Mime,Mr. Mime,Psíquico,Hada,460,40,45,65,100,120,90,1,FALSO,2
123,Scyther,Scyther,Bicho,Volador,500,70,110,80,55,80,105,1,FALSO,1
124,Jynx,Jynx,Hielo,Psíquico,455,65,50,35,115,95,95,1,FALSO,2
125,Electabuzz,Electabuzz,Eléctrico,NA,490,65,83,57,95,85,105,1,FALSO,2
126,Magmar,Magmar,Fuego,NA,495,65,95,57,100,85,93,1,FALSO,2
127,Pinsir,Pinsir,Bicho,NA,500,65,125,100,55,70,85,1,FALSO,NA
127,Pinsir Mega,Pinsir Mega,Bicho,Volador,600,65,155,120,65,90,105,1,FALSO,NA
128,Tauros,Tauros,Normal,NA,490,75,100,95,40,70,110,1,FALSO,NA
129,Magikarp,Magikarp,Agua,NA,200,20,10,55,15,20,80,1,FALSO,1
130,Gyarados,Gyarados,Agua,Volador,540,95,125,79,60,100,81,1,FALSO,2
130,Gyarados Mega,Gyarados Mega,Agua,Oscuro,640,95,155,109,70,130,81,1,FALSO,2
131,Lapras,Lapras,Agua,Hielo,535,130,85,80,85,95,60,1,FALSO,NA
132,Ditto,Ditto,Normal,NA,288,48,48,48,48,48,48,1,FALSO,NA
133,Eevee,Eevee,Normal,NA,325,55,55,50,45,65,55,1,FALSO,1
134,Vaporeon,Vaporeon,Agua,NA,525,130,65,60,110,95,65,1,FALSO,2
135,Jolteon,Jolteon,Eléctrico,NA,525,65,65,60,110,95,130,1,FALSO,2
136,Flareon,Flareon,Fuego,NA,525,65,130,60,95,110,65,1,FALSO,2
137,Porygon,Porygon,Normal,NA,395,65,60,70,85,75,40,1,FALSO,1
138,Omanyte,Omanyte,Roca,Agua,355,35,40,100,90,55,35,1,FALSO,1
139,Omastar,Omastar,Roca,Agua,495,70,60,125,115,70,55,1,FALSO,2
140,Kabuto,Kabuto,Roca,Agua,355,30,80,90,55,45,55,1,FALSO,1
141,Kabutops,Kabutops,Roca,Agua,495,60,115,105,65,70,80,1,FALSO,2
142,Aerodactyl,Aerodactyl,Roca,Volador,515,80,105,65,60,75,130,1,FALSO,NA
142,Aerodactyl Mega,Aerodactyl Mega,Roca,Volador,615,80,135,85,70,95,150,1,FALSO,NA
143,Snorlax,Snorlax,Normal,NA,540,160,110,65,65,110,30,1,FALSO,2
144,Articuno,Articuno,Hielo,Volador,580,90,85,100,95,125,85,1,VERDADERO,NA
145,Zapdos,Zapdos,Eléctrico,Volador,580,90,90,85,125,90,100,1,VERDADERO,NA
146,Moltres,Moltres,Fuego,Volador,580,90,100,90,125,85,90,1,VERDADERO,NA
147,Dratini,Dratini,Dragón,NA,300,41,64,45,50,50,50,1,FALSO,1
148,Dragonair,Dragonair,Dragón,NA,420,61,84,65,70,70,70,1,FALSO,2
149,Dragonite,Dragonite,Dragón,Volador,600,91,134,95,100,100,80,1,FALSO,3
150,Mewtwo,Mewtwo,Psíquico,NA,680,106,110,90,154,90,130,1,VERDADERO,NA
150,Mewtwo Mega X,Mewtwo Mega X,Psíquico,Luchador,780,106,190,100,154,100,130,1,VERDADERO,NA
150,Mewtwo Mega Y,Mewtwo Mega Y,Psíquico,NA,780,106,150,70,194,120,140,1,VERDADERO,NA
151,Mew,Mew,Psíquico,NA,600,100,100,100,100,100,100,1,VERDADERO,NA
152,Chikorita,Chikorita,Césped,NA,318,45,49,65,49,65,45,2,FALSO,1
153,Bayleef,Bayleef,Césped,NA,405,60,62,80,63,80,60,2,FALSO,2
154,Meganium,Meganium,Césped,NA,525,80,82,100,83,100,80,2,FALSO,3
155,Cyndaquil,Cyndaquil,Fuego,NA,309,39,52,43,60,50,65,2,FALSO,1
156,Quilava,Quilava,Fuego,NA,405,58,64,58,80,65,80,2,FALSO,2
157,Typhlosion,Typhlosion,Fuego,NA,534,78,84,78,109,85,100,2,FALSO,3
158,Totodile,Totodile,Agua,NA,314,50,65,64,44,48,43,2,FALSO,1
159,Croconaw,Croconaw,Agua,NA,405,65,80,80,59,63,58,2,FALSO,2
160,Feraligatr,Feraligatr,Agua,NA,530,85,105,100,79,83,78,2,FALSO,3
161,Sentret,Sentret,Normal,NA,215,35,46,34,35,45,20,2,FALSO,1
162,Furret,Furret,Normal,NA,415,85,76,64,45,55,90,2,FALSO,2
163,Hoothoot,Hoothoot,Normal,Volador,262,60,30,30,36,56,50,2,FALSO,1
164,Noctowl,Noctowl,Normal,Volador,442,100,50,50,76,96,70,2,FALSO,2
165,Ledyba,Ledyba,Bicho,Volador,265,40,20,30,40,80,55,2,FALSO,1
166,Ledian,Ledian,Bicho,Volador,390,55,35,50,55,110,85,2,FALSO,2
167,Spinarak,Spinarak,Bicho,Veneno,250,40,60,40,40,40,30,2,FALSO,1
168,Ariados,Ariados,Bicho,Veneno,390,70,90,70,60,60,40,2,FALSO,2
169,Crobat,Crobat,Veneno,Volador,535,85,90,80,70,80,130,2,FALSO,NA
170,Chinchou,Chinchou,Agua,Eléctrico,330,75,38,38,56,56,67,2,FALSO,1
171,Lanturn,Lanturn,Agua,Eléctrico,460,125,58,58,76,76,67,2,FALSO,2
172,Pichu,Pichu,Eléctrico,NA,205,20,40,15,35,35,60,2,FALSO,1
173,Cleffa,Cleffa,Hada,NA,218,50,25,28,45,55,15,2,FALSO,1
174,Igglybuff,Igglybuff,Normal,Hada,210,90,30,15,40,20,15,2,FALSO,1
175,Togepi,Togepi,Hada,NA,245,35,20,65,40,65,20,2,FALSO,1
176,Togetic,Togetic,Hada,Volador,405,55,40,85,80,105,40,2,FALSO,2
177,Natu,Natu,Psíquico,Volador,320,40,50,45,70,45,70,2,FALSO,1
178,Xatu,Xatu,Psíquico,Volador,470,65,75,70,95,70,95,2,FALSO,2
179,Mareep,Mareep,Eléctrico,NA,280,55,40,40,65,45,35,2,FALSO,1
180,Flaaffy,Flaaffy,Eléctrico,NA,365,70,55,55,80,60,45,2,FALSO,2
181,Ampharos,Ampharos,Eléctrico,NA,510,90,75,85,115,90,55,2,FALSO,3
181,Ampharos Mega,Ampharos Mega,Eléctrico,Dragón,610,90,95,105,165,110,45,2,FALSO,3
182,Bellossom,Bellossom,Césped,NA,490,75,80,95,90,100,50,2,FALSO,3
183,Marill,Marill,Agua,Hada,250,70,20,50,20,50,40,2,FALSO,2
184,Azumarill,Azumarill,Agua,Hada,420,100,50,80,60,80,50,2,FALSO,3
185,Sudowoodo,Sudowoodo,Roca,NA,410,70,100,115,30,65,30,2,FALSO,2
186,Politoed,Politoed,Agua,NA,500,90,75,75,90,100,70,2,FALSO,NA
187,Hoppip,Hoppip,Césped,Volador,250,35,35,40,35,55,50,2,FALSO,1
188,Skiploom,Skiploom,Césped,Volador,340,55,45,50,45,65,80,2,FALSO,2
189,Jumpluff,Jumpluff,Césped,Volador,460,75,55,70,55,95,110,2,FALSO,3
190,Aipom,Aipom,Normal,NA,360,55,70,55,40,55,85,2,FALSO,1
191,Sunkern,Sunkern,Césped,NA,180,30,30,30,30,30,30,2,FALSO,1
192,Sunflora,Sunflora,Césped,NA,425,75,75,55,105,85,30,2,FALSO,2
193,Yanma,Yanma,Bicho,Volador,390,65,65,45,75,45,95,2,FALSO,1
194,Wooper,Wooper,Agua,Tierra,210,55,45,45,25,25,15,2,FALSO,1
195,Quagsire,Quagsire,Agua,Tierra,430,95,85,85,65,65,35,2,FALSO,2
196,Espeon,Espeon,Psíquico,NA,525,65,65,60,130,95,110,2,FALSO,2
197,Umbreon,Umbreon,Oscuro,NA,525,95,65,110,60,130,65,2,FALSO,2
198,Murkrow,Murkrow,Oscuro,Volador,405,60,85,42,85,42,91,2,FALSO,1
199,Slowking,Slowking,Agua,Psíquico,490,95,75,80,100,110,30,2,FALSO,2
200,Misdreavus,Misdreavus,Fantasma,NA,435,60,60,60,85,85,85,2,FALSO,1
201,Unown,Unown,Psíquico,NA,336,48,72,48,72,48,48,2,FALSO,NA
202,Wobbuffet,Wobbuffet,Psíquico,NA,405,190,33,58,33,58,33,2,FALSO,2
203,Girafarig,Girafarig,Normal,Psíquico,455,70,80,65,90,65,85,2,FALSO,NA
204,Pineco,Pineco,Bicho,NA,290,50,65,90,35,35,15,2,FALSO,1
205,Forretress,Forretress,Bicho,Acero,465,75,90,140,60,60,40,2,FALSO,2
206,Dunsparce,Dunsparce,Normal,NA,415,100,70,70,65,65,45,2,FALSO,NA
207,Gligar,Gligar,Tierra,Volador,430,65,75,105,35,65,85,2,FALSO,1
208,Steelix,Steelix,Acero,Tierra,510,75,85,200,55,65,30,2,FALSO,2
208,Steelix Mega,Steelix Mega,Acero,Tierra,610,75,125,230,55,95,30,2,FALSO,2
209,Snubbull,Snubbull,Hada,NA,300,60,80,50,40,40,30,2,FALSO,1
210,Granbull,Granbull,Hada,NA,450,90,120,75,60,60,45,2,FALSO,2
211,Qwilfish,Qwilfish,Agua,Veneno,430,65,95,75,55,55,85,2,FALSO,NA
212,Scizor,Scizor,Bicho,Acero,500,70,130,100,55,80,65,2,FALSO,2
212,Scizor Mega,Scizor Mega,Bicho,Acero,600,70,150,140,65,100,75,2,FALSO,2
213,Shuckle,Shuckle,Bicho,Roca,505,20,10,230,10,230,5,2,FALSO,NA
214,Heracross,Heracross,Bicho,Luchador,500,80,125,75,40,95,85,2,FALSO,NA
214,Heracross Mega,Heracross Mega,Bicho,Luchador,600,80,185,115,40,105,75,2,FALSO,NA
215,Sneasel,Sneasel,Oscuro,Hielo,430,55,95,55,35,75,115,2,FALSO,1
216,Teddiursa,Teddiursa,Normal,NA,330,60,80,50,50,50,40,2,FALSO,1
217,Ursaring,Ursaring,Normal,NA,500,90,130,75,75,75,55,2,FALSO,2
218,Slugma,Slugma,Fuego,NA,250,40,40,40,70,40,20,2,FALSO,1
219,Magcargo,Magcargo,Fuego,Roca,410,50,50,120,80,80,30,2,FALSO,2
220,Swinub,Swinub,Hielo,Tierra,250,50,50,40,30,30,50,2,FALSO,1
221,Piloswine,Piloswine,Hielo,Tierra,450,100,100,80,60,60,50,2,FALSO,2
222,Corsola,Corsola,Agua,Roca,380,55,55,85,65,85,35,2,FALSO,NA
223,Remoraid,Remoraid,Agua,NA,300,35,65,35,65,35,65,2,FALSO,1
224,Octillery,Octillery,Agua,NA,480,75,105,75,105,75,45,2,FALSO,2
225,Delibird,Delibird,Hielo,Volador,330,45,55,45,65,45,75,2,FALSO,NA
226,Mantine,Mantine,Agua,Volador,465,65,40,70,80,140,70,2,FALSO,2
227,Skarmory,Skarmory,Acero,Volador,465,65,80,140,40,70,70,2,FALSO,NA
228,Houndour,Houndour,Oscuro,Fuego,330,45,60,30,80,50,65,2,FALSO,1
229,Houndoom,Houndoom,Oscuro,Fuego,500,75,90,50,110,80,95,2,FALSO,2
229,Houndoom Mega,Houndoom Mega,Oscuro,Fuego,600,75,90,90,140,90,115,2,FALSO,2
230,Kingdra,Kingdra,Agua,Dragón,540,75,95,95,95,95,85,2,FALSO,3
231,Phanpy,Phanpy,Tierra,NA,330,90,60,60,40,40,40,2,FALSO,1
232,Donphan,Donphan,Tierra,NA,500,90,120,120,60,60,50,2,FALSO,2
233,Porygon2,Porygon2,Normal,NA,515,85,80,90,105,95,60,2,FALSO,2
234,Stantler,Stantler,Normal,NA,465,73,95,62,85,65,85,2,FALSO,NA
235,Smeargle,Smeargle,Normal,NA,250,55,20,35,20,45,75,2,FALSO,NA
236,Tyrogue,Tyrogue,Luchador,NA,210,35,35,35,35,35,35,2,FALSO,1
237,Hitmontop,Hitmontop,Luchador,NA,455,50,95,95,35,110,70,2,FALSO,2
238,Smoochum,Smoochum,Hielo,Psíquico,305,45,30,15,85,65,65,2,FALSO,1
239,Elekid,Elekid,Eléctrico,NA,360,45,63,37,65,55,95,2,FALSO,1
240,Magby,Magby,Fuego,NA,365,45,75,37,70,55,83,2,FALSO,1
241,Miltank,Miltank,Normal,NA,490,95,80,105,40,70,100,2,FALSO,NA
242,Blissey,Blissey,Normal,NA,540,255,10,10,75,135,55,2,FALSO,3
243,Raikou,Raikou,Eléctrico,NA,580,90,85,75,115,100,115,2,VERDADERO,NA
244,Entei,Entei,Fuego,NA,580,115,115,85,90,75,100,2,VERDADERO,NA
245,Suicune,Suicune,Agua,NA,580,100,75,115,90,115,85,2,VERDADERO,NA
246,Larvitar,Larvitar,Roca,Tierra,300,50,64,50,45,50,41,2,FALSO,1
247,Pupitar,Pupitar,Roca,Tierra,410,70,84,70,65,70,51,2,FALSO,2
248,Tyranitar,Tyranitar,Roca,Oscuro,600,100,134,110,95,100,61,2,FALSO,3
248,Tyranitar Mega,Tyranitar Mega,Roca,Oscuro,700,100,164,150,95,120,71,2,FALSO,3
249,Lugia,Lugia,Psíquico,Volador,680,106,90,130,90,154,110,2,VERDADERO,NA
250,Ho-oh,Ho-oh,Fuego,Volador,680,106,130,90,110,154,90,2,VERDADERO,NA
251,Celebi,Celebi,Psíquico,Césped,600,100,100,100,100,100,100,2,FALSO,NA
252,Treecko,Treecko,Césped,NA,310,40,45,35,65,55,70,3,FALSO,1
253,Grovyle,Grovyle,Césped,NA,405,50,65,45,85,65,95,3,FALSO,2
254,Sceptile,Sceptile,Césped,NA,530,70,85,65,105,85,120,3,FALSO,3
254,Sceptile Mega,Sceptile Mega,Césped,Dragón,630,70,110,75,145,85,145,3,FALSO,3
255,Torchic,Torchic,Fuego,NA,310,45,60,40,70,50,45,3,FALSO,1
256,Combusken,Combusken,Fuego,Luchador,405,60,85,60,85,60,55,3,FALSO,2
257,Blaziken,Blaziken,Fuego,Luchador,530,80,120,70,110,70,80,3,FALSO,3
257,Blaziken Mega,Blaziken Mega,Fuego,Luchador,630,80,160,80,130,80,100,3,FALSO,3
258,Mudkip,Mudkip,Agua,NA,310,50,70,50,50,50,40,3,FALSO,1
259,Marshtomp,Marshtomp,Agua,Tierra,405,70,85,70,60,70,50,3,FALSO,2
260,Swampert,Swampert,Agua,Tierra,535,100,110,90,85,90,60,3,FALSO,3
260,Swampert Mega,Swampert Mega,Agua,Tierra,635,100,150,110,95,110,70,3,FALSO,3
261,Poochyena,Poochyena,Oscuro,NA,220,35,55,35,30,30,35,3,FALSO,1
262,Mightyena,Mightyena,Oscuro,NA,420,70,90,70,60,60,70,3,FALSO,2
263,Zigzagoon,Zigzagoon,Normal,NA,240,38,30,41,30,41,60,3,FALSO,1
264,Linoone,Linoone,Normal,NA,420,78,70,61,50,61,100,3,FALSO,2
265,Wurmple,Wurmple,Bicho,NA,195,45,45,35,20,30,20,3,FALSO,1
266,Silcoon,Silcoon,Bicho,NA,205,50,35,55,25,25,15,3,FALSO,2
267,Beautifly,Beautifly,Bicho,Volador,395,60,70,50,100,50,65,3,FALSO,3
268,Cascoon,Cascoon,Bicho,NA,205,50,35,55,25,25,15,3,FALSO,2
269,Dustox,Dustox,Bicho,Veneno,385,60,50,70,50,90,65,3,FALSO,3
270,Lotad,Lotad,Agua,Césped,220,40,30,30,40,50,30,3,FALSO,1
271,Lombre,Lombre,Agua,Césped,340,60,50,50,60,70,50,3,FALSO,2
272,Ludicolo,Ludicolo,Agua,Césped,480,80,70,70,90,100,70,3,FALSO,3
273,Seedot,Seedot,Césped,NA,220,40,40,50,30,30,30,3,FALSO,1
274,Nuzleaf,Nuzleaf,Césped,Oscuro,340,70,70,40,60,40,60,3,FALSO,2
275,Shiftry,Shiftry,Césped,Oscuro,480,90,100,60,90,60,80,3,FALSO,3
276,Taillow,Taillow,Normal,Volador,270,40,55,30,30,30,85,3,FALSO,1
277,Swellow,Swellow,Normal,Volador,430,60,85,60,50,50,125,3,FALSO,2
278,Wingull,Wingull,Agua,Volador,270,40,30,30,55,30,85,3,FALSO,1
279,Pelipper,Pelipper,Agua,Volador,430,60,50,100,85,70,65,3,FALSO,2
280,Ralts,Ralts,Psíquico,Hada,198,28,25,25,45,35,40,3,FALSO,1
281,Kirlia,Kirlia,Psíquico,Hada,278,38,35,35,65,55,50,3,FALSO,2
282,Gardevoir,Gardevoir,Psíquico,Hada,518,68,65,65,125,115,80,3,FALSO,3
282,Gardevoir Mega,Gardevoir Mega,Psíquico,Hada,618,68,85,65,165,135,100,3,FALSO,3
283,Surskit,Surskit,Bicho,Agua,269,40,30,32,50,52,65,3,FALSO,1
284,Masquerain,Masquerain,Bicho,Volador,414,70,60,62,80,82,60,3,FALSO,2
285,Shroomish,Shroomish,Césped,NA,295,60,40,60,40,60,35,3,FALSO,1
286,Breloom,Breloom,Césped,Luchador,460,60,130,80,60,60,70,3,FALSO,2
287,Slakoth,Slakoth,Normal,NA,280,60,60,60,35,35,30,3,FALSO,1
288,Vigoroth,Vigoroth,Normal,NA,440,80,80,80,55,55,90,3,FALSO,2
289,Slaking,Slaking,Normal,NA,670,150,160,100,95,65,100,3,FALSO,3
290,Nincada,Nincada,Bicho,Tierra,266,31,45,90,30,30,40,3,FALSO,1
291,Ninjask,Ninjask,Bicho,Volador,456,61,90,45,50,50,160,3,FALSO,2
292,Shedinja,Shedinja,Bicho,Fantasma,236,1,90,45,30,30,40,3,FALSO,3
293,Whismur,Whismur,Normal,NA,240,64,51,23,51,23,28,3,FALSO,1
294,Loudred,Loudred,Normal,NA,360,84,71,43,71,43,48,3,FALSO,2
295,Exploud,Exploud,Normal,NA,490,104,91,63,91,73,68,3,FALSO,3
296,Makuhita,Makuhita,Luchador,NA,237,72,60,30,20,30,25,3,FALSO,1
297,Hariyama,Hariyama,Luchador,NA,474,144,120,60,40,60,50,3,FALSO,2
298,Azurill,Azurill,Normal,Hada,190,50,20,40,20,40,20,3,FALSO,1
299,Nosepass,Nosepass,Roca,NA,375,30,45,135,45,90,30,3,FALSO,1
300,Skitty,Skitty,Normal,NA,260,50,45,45,35,35,50,3,FALSO,1
301,Delcatty,Delcatty,Normal,NA,380,70,65,65,55,55,70,3,FALSO,2
302,Sableye,Sableye,Oscuro,Fantasma,380,50,75,75,65,65,50,3,FALSO,NA
302,Sableye Mega,Sableye Mega,Oscuro,Fantasma,480,50,85,125,85,115,20,3,FALSO,NA
303,Mawile,Mawile,Acero,Hada,380,50,85,85,55,55,50,3,FALSO,NA
303,Mawile Mega,Mawile Mega,Acero,Hada,480,50,105,125,55,95,50,3,FALSO,NA
304,Aron,Aron,Acero,Roca,330,50,70,100,40,40,30,3,FALSO,1
305,Lairon,Lairon,Acero,Roca,430,60,90,140,50,50,40,3,FALSO,2
306,Aggron,Aggron,Acero,Roca,530,70,110,180,60,60,50,3,FALSO,3
306,Aggron Mega,Aggron Mega,Acero,NA,630,70,140,230,60,80,50,3,FALSO,3
307,Meditite,Meditite,Luchador,Psíquico,280,30,40,55,40,55,60,3,FALSO,1
308,Medicham,Medicham,Luchador,Psíquico,410,60,60,75,60,75,80,3,FALSO,2
308,Medicham Mega,Medicham Mega,Luchador,Psíquico,510,60,100,85,80,85,100,3,FALSO,2
309,Electrike,Electrike,Eléctrico,NA,295,40,45,40,65,40,65,3,FALSO,1
310,Manectric,Manectric,Eléctrico,NA,475,70,75,60,105,60,105,3,FALSO,2
310,Manectric Mega,Manectric Mega,Eléctrico,NA,575,70,75,80,135,80,135,3,FALSO,2
311,Plusle,Plusle,Eléctrico,NA,405,60,50,40,85,75,95,3,FALSO,NA
312,Minun,Minun,Eléctrico,NA,405,60,40,50,75,85,95,3,FALSO,NA
313,Volbeat,Volbeat,Bicho,NA,400,65,73,55,47,75,85,3,FALSO,NA
314,Illumise,Illumise,Bicho,NA,400,65,47,55,73,75,85,3,FALSO,NA
315,Roselia,Roselia,Césped,Veneno,400,50,60,45,100,80,65,3,FALSO,2
316,Gulpin,Gulpin,Veneno,NA,302,70,43,53,43,53,40,3,FALSO,1
317,Swalot,Swalot,Veneno,NA,467,100,73,83,73,83,55,3,FALSO,2
318,Carvanha,Carvanha,Agua,Oscuro,305,45,90,20,65,20,65,3,FALSO,1
319,Sharpedo,Sharpedo,Agua,Oscuro,460,70,120,40,95,40,95,3,FALSO,2
319,Sharpedo Mega,Sharpedo Mega,Agua,Oscuro,560,70,140,70,110,65,105,3,FALSO,2
320,Wailmer,Wailmer,Agua,NA,400,130,70,35,70,35,60,3,FALSO,1
321,Wailord,Wailord,Agua,NA,500,170,90,45,90,45,60,3,FALSO,2
322,Numel,Numel,Fuego,Tierra,305,60,60,40,65,45,35,3,FALSO,1
323,Camerupt,Camerupt,Fuego,Tierra,460,70,100,70,105,75,40,3,FALSO,2
323,Camerupt Mega,Camerupt Mega,Fuego,Tierra,560,70,120,100,145,105,20,3,FALSO,2
324,Torkoal,Torkoal,Fuego,NA,470,70,85,140,85,70,20,3,FALSO,NA
325,Spoink,Spoink,Psíquico,NA,330,60,25,35,70,80,60,3,FALSO,1
326,Grumpig,Grumpig,Psíquico,NA,470,80,45,65,90,110,80,3,FALSO,2
327,Spinda,Spinda,Normal,NA,360,60,60,60,60,60,60,3,FALSO,NA
328,Trapinch,Trapinch,Tierra,NA,290,45,100,45,45,45,10,3,FALSO,1
329,Vibrava,Vibrava,Tierra,Dragón,340,50,70,50,50,50,70,3,FALSO,2
330,Flygon,Flygon,Tierra,Dragón,520,80,100,80,80,80,100,3,FALSO,3
331,Cacnea,Cacnea,Césped,NA,335,50,85,40,85,40,35,3,FALSO,1
332,Cacturne,Cacturne,Césped,Oscuro,475,70,115,60,115,60,55,3,FALSO,2
333,Swablu,Swablu,Normal,Volador,310,45,40,60,40,75,50,3,FALSO,1
334,Altaria,Altaria,Dragón,Volador,490,75,70,90,70,105,80,3,FALSO,2
334,Altaria Mega,Altaria Mega,Dragón,Hada,590,75,110,110,110,105,80,3,FALSO,2
335,Zangoose,Zangoose,Normal,NA,458,73,115,60,60,60,90,3,FALSO,NA
336,Seviper,Seviper,Veneno,NA,458,73,100,60,100,60,65,3,FALSO,NA
337,Lunatone,Lunatone,Roca,Psíquico,440,70,55,65,95,85,70,3,FALSO,NA
338,Solrock,Solrock,Roca,Psíquico,440,70,95,85,55,65,70,3,FALSO,NA
339,Barboach,Barboach,Agua,Tierra,288,50,48,43,46,41,60,3,FALSO,1
340,Whiscash,Whiscash,Agua,Tierra,468,110,78,73,76,71,60,3,FALSO,2
341,Corphish,Corphish,Agua,NA,308,43,80,65,50,35,35,3,FALSO,1
342,Crawdaunt,Crawdaunt,Agua,Oscuro,468,63,120,85,90,55,55,3,FALSO,2
343,Baltoy,Baltoy,Tierra,Psíquico,300,40,40,55,40,70,55,3,FALSO,1
344,Claydol,Claydol,Tierra,Psíquico,500,60,70,105,70,120,75,3,FALSO,2
345,Lileep,Lileep,Roca,Césped,355,66,41,77,61,87,23,3,FALSO,1
346,Cradily,Cradily,Roca,Césped,495,86,81,97,81,107,43,3,FALSO,2
347,Anorith,Anorith,Roca,Bicho,355,45,95,50,40,50,75,3,FALSO,1
348,Armaldo,Armaldo,Roca,Bicho,495,75,125,100,70,80,45,3,FALSO,2
349,Feebas,Feebas,Agua,NA,200,20,15,20,10,55,80,3,FALSO,1
350,Milotic,Milotic,Agua,NA,540,95,60,79,100,125,81,3,FALSO,2
351,Castform,Castform,Normal,NA,420,70,70,70,70,70,70,3,FALSO,NA
352,Kecleon,Kecleon,Normal,NA,440,60,90,70,60,120,40,3,FALSO,NA
353,Shuppet,Shuppet,Fantasma,NA,295,44,75,35,63,33,45,3,FALSO,1
354,Banette,Banette,Fantasma,NA,455,64,115,65,83,63,65,3,FALSO,2
354,Banette Mega,Banette Mega,Fantasma,NA,555,64,165,75,93,83,75,3,FALSO,2
355,Duskull,Duskull,Fantasma,NA,295,20,40,90,30,90,25,3,FALSO,1
356,Dusclops,Dusclops,Fantasma,NA,455,40,70,130,60,130,25,3,FALSO,2
357,Tropius,Tropius,Césped,Volador,460,99,68,83,72,87,51,3,FALSO,NA
358,Chimecho,Chimecho,Psíquico,NA,425,65,50,70,95,80,65,3,FALSO,2
359,Absol,Absol,Oscuro,NA,465,65,130,60,75,60,75,3,FALSO,NA
359,Absol Mega,Absol Mega,Oscuro,NA,565,65,150,60,115,60,115,3,FALSO,NA
360,Wynaut,Wynaut,Psíquico,NA,260,95,23,48,23,48,23,3,FALSO,1
361,Snorunt,Snorunt,Hielo,NA,300,50,50,50,50,50,50,3,FALSO,1
362,Glalie,Glalie,Hielo,NA,480,80,80,80,80,80,80,3,FALSO,2
362,Glalie Mega,Glalie Mega,Hielo,NA,580,80,120,80,120,80,100,3,FALSO,2
363,Spheal,Spheal,Hielo,Agua,290,70,40,50,55,50,25,3,FALSO,1
364,Sealeo,Sealeo,Hielo,Agua,410,90,60,70,75,70,45,3,FALSO,2
365,Walrein,Walrein,Hielo,Agua,530,110,80,90,95,90,65,3,FALSO,3
366,Clamperl,Clamperl,Agua,NA,345,35,64,85,74,55,32,3,FALSO,1
367,Huntail,Huntail,Agua,NA,485,55,104,105,94,75,52,3,FALSO,2
368,Gorebyss,Gorebyss,Agua,NA,485,55,84,105,114,75,52,3,FALSO,2
369,Relicanth,Relicanth,Agua,Roca,485,100,90,130,45,65,55,3,FALSO,NA
370,Luvdisc,Luvdisc,Agua,NA,330,43,30,55,40,65,97,3,FALSO,NA
371,Bagon,Bagon,Dragón,NA,300,45,75,60,40,30,50,3,FALSO,1
372,Shelgon,Shelgon,Dragón,NA,420,65,95,100,60,50,50,3,FALSO,2
373,Salamence,Salamence,Dragón,Volador,600,95,135,80,110,80,100,3,FALSO,3
373,Salamence Mega,Salamence Mega,Dragón,Volador,700,95,145,130,120,90,120,3,FALSO,3
374,Beldum,Beldum,Acero,Psíquico,300,40,55,80,35,60,30,3,FALSO,1
375,Metang,Metang,Acero,Psíquico,420,60,75,100,55,80,50,3,FALSO,2
376,Metagross,Metagross,Acero,Psíquico,600,80,135,130,95,90,70,3,FALSO,3
376,Metagross Mega,Metagross Mega,Acero,Psíquico,700,80,145,150,105,110,110,3,FALSO,3
377,Regirock,Regirock,Roca,NA,580,80,100,200,50,100,50,3,VERDADERO,NA
378,Regice,Regice,Hielo,NA,580,80,50,100,100,200,50,3,VERDADERO,NA
379,Registeel,Registeel,Acero,NA,580,80,75,150,75,150,50,3,VERDADERO,NA
380,Latias,Latias,Dragón,Psíquico,600,80,80,90,110,130,110,3,VERDADERO,NA
380,Latias Mega,Latias Mega,Dragón,Psíquico,700,80,100,120,140,150,110,3,VERDADERO,NA
381,Latios,Latios,Dragón,Psíquico,600,80,90,80,130,110,110,3,VERDADERO,NA
381,Latios Mega,Latios Mega,Dragón,Psíquico,700,80,130,100,160,120,110,3,VERDADERO,NA
382,Kyogre,Kyogre,Agua,NA,670,100,100,90,150,140,90,3,VERDADERO,NA
382,Kyogre Primal,Kyogre Primal,Agua,NA,770,100,150,90,180,160,90,3,VERDADERO,NA
383,Groudon,Groudon,Tierra,NA,670,100,150,140,100,90,90,3,VERDADERO,NA
383,Groudon Primal,Groudon Primal,Tierra,Fuego,770,100,180,160,150,90,90,3,VERDADERO,NA
384,Rayquaza,Rayquaza,Dragón,Volador,680,105,150,90,150,90,95,3,VERDADERO,NA
384,Rayquaza Mega,Rayquaza Mega,Dragón,Volador,780,105,180,100,180,100,115,3,VERDADERO,NA
385,Jirachi,Jirachi,Acero,Psíquico,600,100,100,100,100,100,100,3,VERDADERO,NA
386,DeoxysNormal Forme,Deoxys Forma Normal,Psíquico,NA,600,50,150,50,150,50,150,3,VERDADERO,NA
386,DeoxysAttack Forme,Deoxys Forma Ataque,Psíquico,NA,600,50,180,20,180,20,150,3,VERDADERO,NA
386,DeoxysDefense Forme,Deoxys Forma Defensa,Psíquico,NA,600,50,70,160,70,160,90,3,VERDADERO,NA
386,DeoxysSpeed Forme,Deoxys Forma Velocidad,Psíquico,NA,600,50,95,90,95,90,180,3,VERDADERO,NA
387,Turtwig,Turtwig,Césped,NA,318,55,68,64,45,55,31,4,FALSO,1
388,Grotle,Grotle,Césped,NA,405,75,89,85,55,65,36,4,FALSO,2
389,Torterra,Torterra,Césped,Tierra,525,95,109,105,75,85,56,4,FALSO,3
390,Chimchar,Chimchar,Fuego,NA,309,44,58,44,58,44,61,4,FALSO,1
391,Monferno,Monferno,Fuego,Luchador,405,64,78,52,78,52,81,4,FALSO,2
392,Infernape,Infernape,Fuego,Luchador,534,76,104,71,104,71,108,4,FALSO,3
393,Piplup,Piplup,Agua,NA,314,53,51,53,61,56,40,4,FALSO,1
394,Prinplup,Prinplup,Agua,NA,405,64,66,68,81,76,50,4,FALSO,2
395,Empoleon,Empoleon,Agua,Acero,530,84,86,88,111,101,60,4,FALSO,3
396,Starly,Starly,Normal,Volador,245,40,55,30,30,30,60,4,FALSO,1
397,Staravia,Staravia,Normal,Volador,340,55,75,50,40,40,80,4,FALSO,2
398,Staraptor,Staraptor,Normal,Volador,485,85,120,70,50,60,100,4,FALSO,3
399,Bidoof,Bidoof,Normal,NA,250,59,45,40,35,40,31,4,FALSO,1
400,Bibarel,Bibarel,Normal,Agua,410,79,85,60,55,60,71,4,FALSO,2
401,Kricketot,Kricketot,Bicho,NA,194,37,25,41,25,41,25,4,FALSO,1
402,Kricketune,Kricketune,Bicho,NA,384,77,85,51,55,51,65,4,FALSO,2
403,Shinx,Shinx,Eléctrico,NA,263,45,65,34,40,34,45,4,FALSO,1
404,Luxio,Luxio,Eléctrico,NA,363,60,85,49,60,49,60,4,FALSO,2
405,Luxray,Luxray,Eléctrico,NA,523,80,120,79,95,79,70,4,FALSO,3
406,Budew,Budew,Césped,Veneno,280,40,30,35,50,70,55,4,FALSO,1
407,Roserade,Roserade,Césped,Veneno,515,60,70,65,125,105,90,4,FALSO,3
408,Cranidos,Cranidos,Roca,NA,350,67,125,40,30,30,58,4,FALSO,1
409,Rampardos,Rampardos,Roca,NA,495,97,165,60,65,50,58,4,FALSO,2
410,Shieldon,Shieldon,Roca,Acero,350,30,42,118,42,88,30,4,FALSO,1
411,Bastiodon,Bastiodon,Roca,Acero,495,60,52,168,47,138,30,4,FALSO,2
412,Burmy,Burmy,Bicho,NA,224,40,29,45,29,45,36,4,FALSO,1
413,WormadamPlant Cloak,Wormadam Capa Planta,Bicho,Césped,424,60,59,85,79,105,36,4,FALSO,2
413,WormadamSandy Cloak,Wormadam Capa Arena,Bicho,Tierra,424,60,79,105,59,85,36,4,FALSO,2
413,WormadamTrash Cloak,Wormadam Capa Basura,Bicho,Acero,424,60,69,95,69,95,36,4,FALSO,2
414,Mothim,Mothim,Bicho,Volador,424,70,94,50,94,50,66,4,FALSO,2
415,Combee,Combee,Bicho,Volador,244,30,30,42,30,42,70,4,FALSO,1
416,Vespiquen,Vespiquen,Bicho,Volador,474,70,80,102,80,102,40,4,FALSO,2
417,Pachirisu,Pachirisu,Eléctrico,NA,405,60,45,70,45,90,95,4,FALSO,NA
418,Buizel,Buizel,Agua,NA,330,55,65,35,60,30,85,4,FALSO,1
419,Floatzel,Floatzel,Agua,NA,495,85,105,55,85,50,115,4,FALSO,2
420,Cherubi,Cherubi,Césped,NA,275,45,35,45,62,53,35,4,FALSO,1
421,Cherrim,Cherrim,Césped,NA,450,70,60,70,87,78,85,4,FALSO,2
422,Shellos,Shellos,Agua,NA,325,76,48,48,57,62,34,4,FALSO,1
423,Gastrodon,Gastrodon,Agua,Tierra,475,111,83,68,92,82,39,4,FALSO,2
424,Ambipom,Ambipom,Normal,NA,482,75,100,66,60,66,115,4,FALSO,2
425,Drifloon,Drifloon,Fantasma,Volador,348,90,50,34,60,44,70,4,FALSO,1
426,Drifblim,Drifblim,Fantasma,Volador,498,150,80,44,90,54,80,4,FALSO,2
427,Buneary,Buneary,Normal,NA,350,55,66,44,44,56,85,4,FALSO,1
428,Lopunny,Lopunny,Normal,NA,480,65,76,84,54,96,105,4,FALSO,2
428,Lopunny Mega,Lopunny Mega,Normal,Luchador,580,65,136,94,54,96,135,4,FALSO,2
429,Mismagius,Mismagius,Fantasma,NA,495,60,60,60,105,105,105,4,FALSO,2
430,Honchkrow,Honchkrow,Oscuro,Volador,505,100,125,52,105,52,71,4,FALSO,2
431,Glameow,Glameow,Normal,NA,310,49,55,42,42,37,85,4,FALSO,1
432,Purugly,Purugly,Normal,NA,452,71,82,64,64,59,112,4,FALSO,2
433,Chingling,Chingling,Psíquico,NA,285,45,30,50,65,50,45,4,FALSO,1
434,Stunky,Stunky,Veneno,Oscuro,329,63,63,47,41,41,74,4,FALSO,1
435,Skuntank,Skuntank,Veneno,Oscuro,479,103,93,67,71,61,84,4,FALSO,2
436,Bronzor,Bronzor,Acero,Psíquico,300,57,24,86,24,86,23,4,FALSO,1
437,Bronzong,Bronzong,Acero,Psíquico,500,67,89,116,79,116,33,4,FALSO,2
438,Bonsly,Bonsly,Roca,NA,290,50,80,95,10,45,10,4,FALSO,1
439,Mime Jr.,Mime Jr.,Psíquico,Hada,310,20,25,45,70,90,60,4,FALSO,1
440,Happiny,Happiny,Normal,NA,220,100,5,5,15,65,30,4,FALSO,1
441,Chatot,Chatot,Normal,Volador,411,76,65,45,92,42,91,4,FALSO,NA
442,Spiritomb,Spiritomb,Fantasma,Oscuro,485,50,92,108,92,108,35,4,FALSO,NA
443,Gible,Gible,Dragón,Tierra,300,58,70,45,40,45,42,4,FALSO,1
444,Gabite,Gabite,Dragón,Tierra,410,68,90,65,50,55,82,4,FALSO,2
445,Garchomp,Garchomp,Dragón,Tierra,600,108,130,95,80,85,102,4,FALSO,3
445,Garchomp Mega,Garchomp Mega,Dragón,Tierra,700,108,170,115,120,95,92,4,FALSO,3
446,Munchlax,Munchlax,Normal,NA,390,135,85,40,40,85,5,4,FALSO,1
447,Riolu,Riolu,Luchador,NA,285,40,70,40,35,40,60,4,FALSO,1
448,Lucario,Lucario,Luchador,Acero,525,70,110,70,115,70,90,4,FALSO,2
448,Lucario Mega,Lucario Mega,Luchador,Acero,625,70,145,88,140,70,112,4,FALSO,2
449,Hippopotas,Hippopotas,Tierra,NA,330,68,72,78,38,42,32,4,FALSO,1
450,Hippowdon,Hippowdon,Tierra,NA,525,108,112,118,68,72,47,4,FALSO,2
451,Skorupi,Skorupi,Veneno,Bicho,330,40,50,90,30,55,65,4,FALSO,1
452,Drapion,Drapion,Veneno,Oscuro,500,70,90,110,60,75,95,4,FALSO,2
453,Croagunk,Croagunk,Veneno,Luchador,300,48,61,40,61,40,50,4,FALSO,1
454,Toxicroak,Toxicroak,Veneno,Luchador,490,83,106,65,86,65,85,4,FALSO,2
455,Carnivine,Carnivine,Césped,NA,454,74,100,72,90,72,46,4,FALSO,NA
456,Finneon,Finneon,Agua,NA,330,49,49,56,49,61,66,4,FALSO,1
457,Lumineon,Lumineon,Agua,NA,460,69,69,76,69,86,91,4,FALSO,2
458,Mantyke,Mantyke,Agua,Volador,345,45,20,50,60,120,50,4,FALSO,1
459,Snover,Snover,Césped,Hielo,334,60,62,50,62,60,40,4,FALSO,1
460,Abomasnow,Abomasnow,Césped,Hielo,494,90,92,75,92,85,60,4,FALSO,2
460,Abomasnow Mega,Abomasnow Mega,Césped,Hielo,594,90,132,105,132,105,30,4,FALSO,2
461,Weavile,Weavile,Oscuro,Hielo,510,70,120,65,45,85,125,4,FALSO,2
462,Magnezone,Magnezone,Eléctrico,Acero,535,70,70,115,130,90,60,4,FALSO,3
463,Lickilicky,Lickilicky,Normal,NA,515,110,85,95,80,95,50,4,FALSO,2
464,Rhyperior,Rhyperior,Tierra,Roca,535,115,140,130,55,55,40,4,FALSO,3
465,Tangrowth,Tangrowth,Césped,NA,535,100,100,125,110,50,50,4,FALSO,2
466,Electivire,Electivire,Eléctrico,NA,540,75,123,67,95,85,95,4,FALSO,3
467,Magmortar,Magmortar,Fuego,NA,540,75,95,67,125,95,83,4,FALSO,3
468,Togekiss,Togekiss,Hada,Volador,545,85,50,95,120,115,80,4,FALSO,3
469,Yanmega,Yanmega,Bicho,Volador,515,86,76,86,116,56,95,4,FALSO,2
470,Leafeon,Leafeon,Césped,NA,525,65,110,130,60,65,95,4,FALSO,2
471,Glaceon,Glaceon,Hielo,NA,525,65,60,110,130,95,65,4,FALSO,2
472,Gliscor,Gliscor,Tierra,Volador,510,75,95,125,45,75,95,4,FALSO,2
473,Mamoswine,Mamoswine,Hielo,Tierra,530,110,130,80,70,60,80,4,FALSO,3
474,Porygon-Z,Porygon-Z,Normal,NA,535,85,80,70,135,75,90,4,FALSO,3
475,Gallade,Gallade,Psíquico,Luchador,518,68,125,65,65,115,80,4,FALSO,3
475,Gallade Mega,Gallade Mega,Psíquico,Luchador,618,68,165,95,65,115,110,4,FALSO,3
476,Probopass,Probopass,Roca,Acero,525,60,55,145,75,150,40,4,FALSO,2
477,Dusknoir,Dusknoir,Fantasma,NA,525,45,100,135,65,135,45,4,FALSO,3
478,Froslass,Froslass,Hielo,Fantasma,480,70,80,70,80,70,110,4,FALSO,2
479,Rotom,Rotom,Eléctrico,Fantasma,440,50,50,77,95,77,91,4,FALSO,NA
479,RotomHeat Rotom,Rotom Calor,Eléctrico,Fuego,520,50,65,107,105,107,86,4,FALSO,NA
479,RotomWash Rotom,Rotom Lavar,Eléctrico,Agua,520,50,65,107,105,107,86,4,FALSO,NA
479,RotomFrost Rotom,Rotom Escarchar,Eléctrico,Hielo,520,50,65,107,105,107,86,4,FALSO,NA
479,RotomFan Rotom,Rotom Ventilador,Eléctrico,Volador,520,50,65,107,105,107,86,4,FALSO,NA
479,RotomMow Rotom,Rotom Cortar,Eléctrico,Césped,520,50,65,107,105,107,86,4,FALSO,NA
480,Uxie,Uxie,Psíquico,NA,580,75,75,130,75,130,95,4,VERDADERO,NA
481,Mesprit,Mesprit,Psíquico,NA,580,80,105,105,105,105,80,4,VERDADERO,NA
482,Azelf,Azelf,Psíquico,NA,580,75,125,70,125,70,115,4,VERDADERO,NA
483,Dialga,Dialga,Acero,Dragón,680,100,120,120,150,100,90,4,VERDADERO,NA
484,Palkia,Palkia,Agua,Dragón,680,90,120,100,150,120,100,4,VERDADERO,NA
485,Heatran,Heatran,Fuego,Acero,600,91,90,106,130,106,77,4,VERDADERO,NA
486,Regigigas,Regigigas,Normal,NA,670,110,160,110,80,110,100,4,VERDADERO,NA
487,GiratinaAltered Forme,Giratina Forma Alterada,Fantasma,Dragón,680,150,100,120,100,120,90,4,VERDADERO,NA
487,GiratinaOrigin Forme,Giratina Forma Original,Fantasma,Dragón,680,150,120,100,120,100,90,4,VERDADERO,NA
488,Cresselia,Cresselia,Psíquico,NA,600,120,70,120,75,130,85,4,FALSO,NA
489,Phione,Phione,Agua,NA,480,80,80,80,80,80,80,4,FALSO,NA
490,Manaphy,Manaphy,Agua,NA,600,100,100,100,100,100,100,4,FALSO,NA
491,Darkrai,Darkrai,Oscuro,NA,600,70,90,90,135,90,125,4,VERDADERO,NA
492,ShayminLand Forme,Shaymin Forma Tierra,Césped,NA,600,100,100,100,100,100,100,4,VERDADERO,NA
492,ShayminSky Forme,Shaymin Forma Cielo,Césped,Volador,600,100,103,75,120,75,127,4,VERDADERO,NA
493,Arceus,Arceus,Normal,NA,720,120,120,120,120,120,120,4,VERDADERO,NA
494,Victini,Victini,Psíquico,Fuego,600,100,100,100,100,100,100,5,VERDADERO,NA
495,Snivy,Snivy,Césped,NA,308,45,45,55,45,55,63,5,FALSO,1
496,Servine,Servine,Césped,NA,413,60,60,75,60,75,83,5,FALSO,2
497,Serperior,Serperior,Césped,NA,528,75,75,95,75,95,113,5,FALSO,3
498,Tepig,Tepig,Fuego,NA,308,65,63,45,45,45,45,5,FALSO,1
499,Pignite,Pignite,Fuego,Luchador,418,90,93,55,70,55,55,5,FALSO,2
500,Emboar,Emboar,Fuego,Luchador,528,110,123,65,100,65,65,5,FALSO,3
501,Oshawott,Oshawott,Agua,NA,308,55,55,45,63,45,45,5,FALSO,1
502,Dewott,Dewott,Agua,NA,413,75,75,60,83,60,60,5,FALSO,2
503,Samurott,Samurott,Agua,NA,528,95,100,85,108,70,70,5,FALSO,3
504,Patrat,Patrat,Normal,NA,255,45,55,39,35,39,42,5,FALSO,1
505,Watchog,Watchog,Normal,NA,420,60,85,69,60,69,77,5,FALSO,2
506,Lillipup,Lillipup,Normal,NA,275,45,60,45,25,45,55,5,FALSO,1
507,Herdier,Herdier,Normal,NA,370,65,80,65,35,65,60,5,FALSO,2
508,Stoutland,Stoutland,Normal,NA,500,85,110,90,45,90,80,5,FALSO,3
509,Purrloin,Purrloin,Oscuro,NA,281,41,50,37,50,37,66,5,FALSO,1
510,Liepard,Liepard,Oscuro,NA,446,64,88,50,88,50,106,5,FALSO,2
511,Pansage,Pansage,Césped,NA,316,50,53,48,53,48,64,5,FALSO,1
512,Simisage,Simisage,Césped,NA,498,75,98,63,98,63,101,5,FALSO,2
513,Pansear,Pansear,Fuego,NA,316,50,53,48,53,48,64,5,FALSO,1
514,Simisear,Simisear,Fuego,NA,498,75,98,63,98,63,101,5,FALSO,2
515,Panpour,Panpour,Agua,NA,316,50,53,48,53,48,64,5,FALSO,1
516,Simipour,Simipour,Agua,NA,498,75,98,63,98,63,101,5,FALSO,2
517,Munna,Munna,Psíquico,NA,292,76,25,45,67,55,24,5,FALSO,1
518,Musharna,Musharna,Psíquico,NA,487,116,55,85,107,95,29,5,FALSO,2
519,Pidove,Pidove,Normal,Volador,264,50,55,50,36,30,43,5,FALSO,1
520,Tranquill,Tranquill,Normal,Volador,358,62,77,62,50,42,65,5,FALSO,2
521,Unfezant,Unfezant,Normal,Volador,488,80,115,80,65,55,93,5,FALSO,3
522,Blitzle,Blitzle,Eléctrico,NA,295,45,60,32,50,32,76,5,FALSO,1
523,Zebstrika,Zebstrika,Eléctrico,NA,497,75,100,63,80,63,116,5,FALSO,2
524,Roggenrola,Roggenrola,Roca,NA,280,55,75,85,25,25,15,5,FALSO,1
525,Boldore,Boldore,Roca,NA,390,70,105,105,50,40,20,5,FALSO,2
526,Gigalith,Gigalith,Roca,NA,515,85,135,130,60,80,25,5,FALSO,3
527,Woobat,Woobat,Psíquico,Volador,313,55,45,43,55,43,72,5,FALSO,1
528,Swoobat,Swoobat,Psíquico,Volador,425,67,57,55,77,55,114,5,FALSO,2
529,Drilbur,Drilbur,Tierra,NA,328,60,85,40,30,45,68,5,FALSO,1
530,Excadrill,Excadrill,Tierra,Acero,508,110,135,60,50,65,88,5,FALSO,2
531,Audino,Audino,Normal,NA,445,103,60,86,60,86,50,5,FALSO,NA
531,Audino Mega,Audino Mega,Normal,Hada,545,103,60,126,80,126,50,5,FALSO,NA
532,Timburr,Timburr,Luchador,NA,305,75,80,55,25,35,35,5,FALSO,1
533,Gurdurr,Gurdurr,Luchador,NA,405,85,105,85,40,50,40,5,FALSO,2
534,Conkeldurr,Conkeldurr,Luchador,NA,505,105,140,95,55,65,45,5,FALSO,3
535,Tympole,Tympole,Agua,NA,294,50,50,40,50,40,64,5,FALSO,1
536,Palpitoad,Palpitoad,Agua,Tierra,384,75,65,55,65,55,69,5,FALSO,2
537,Seismitoad,Seismitoad,Agua,Tierra,509,105,95,75,85,75,74,5,FALSO,3
538,Throh,Throh,Luchador,NA,465,120,100,85,30,85,45,5,FALSO,NA
539,Sawk,Sawk,Luchador,NA,465,75,125,75,30,75,85,5,FALSO,NA
540,Sewaddle,Sewaddle,Bicho,Césped,310,45,53,70,40,60,42,5,FALSO,1
541,Swadloon,Swadloon,Bicho,Césped,380,55,63,90,50,80,42,5,FALSO,2
542,Leavanny,Leavanny,Bicho,Césped,500,75,103,80,70,80,92,5,FALSO,3
543,Venipede,Venipede,Bicho,Veneno,260,30,45,59,30,39,57,5,FALSO,1
544,Whirlipede,Whirlipede,Bicho,Veneno,360,40,55,99,40,79,47,5,FALSO,2
545,Scolipede,Scolipede,Bicho,Veneno,485,60,100,89,55,69,112,5,FALSO,3
546,Cottonee,Cottonee,Césped,Hada,280,40,27,60,37,50,66,5,FALSO,1
547,Whimsicott,Whimsicott,Césped,Hada,480,60,67,85,77,75,116,5,FALSO,2
548,Petilil,Petilil,Césped,NA,280,45,35,50,70,50,30,5,FALSO,1
549,Lilligant,Lilligant,Césped,NA,480,70,60,75,110,75,90,5,FALSO,2
550,Basculin,Basculin,Agua,NA,460,70,92,65,80,55,98,5,FALSO,NA
551,Sandile,Sandile,Tierra,Oscuro,292,50,72,35,35,35,65,5,FALSO,1
552,Krokorok,Krokorok,Tierra,Oscuro,351,60,82,45,45,45,74,5,FALSO,2
553,Krookodile,Krookodile,Tierra,Oscuro,519,95,117,80,65,70,92,5,FALSO,3
554,Darumaka,Darumaka,Fuego,NA,315,70,90,45,15,45,50,5,FALSO,1
555,DarmanitanStandard Mode,Darmanitan Modo Estándar,Fuego,NA,480,105,140,55,30,55,95,5,FALSO,2
555,DarmanitanZen Mode,Darmanitan Modo Zen,Fuego,Psíquico,540,105,30,105,140,105,55,5,FALSO,2
556,Maractus,Maractus,Césped,NA,461,75,86,67,106,67,60,5,FALSO,NA
557,Dwebble,Dwebble,Bicho,Roca,325,50,65,85,35,35,55,5,FALSO,1
558,Crustle,Crustle,Bicho,Roca,475,70,95,125,65,75,45,5,FALSO,2
559,Scraggy,Scraggy,Oscuro,Luchador,348,50,75,70,35,70,48,5,FALSO,1
560,Scrafty,Scrafty,Oscuro,Luchador,488,65,90,115,45,115,58,5,FALSO,2
561,Sigilyph,Sigilyph,Psíquico,Volador,490,72,58,80,103,80,97,5,FALSO,NA
562,Yamask,Yamask,Fantasma,NA,303,38,30,85,55,65,30,5,FALSO,1
563,Cofagrigus,Cofagrigus,Fantasma,NA,483,58,50,145,95,105,30,5,FALSO,2
564,Tirtouga,Tirtouga,Agua,Roca,355,54,78,103,53,45,22,5,FALSO,1
565,Carracosta,Carracosta,Agua,Roca,495,74,108,133,83,65,32,5,FALSO,2
566,Archen,Archen,Roca,Volador,401,55,112,45,74,45,70,5,FALSO,1
567,Archeops,Archeops,Roca,Volador,567,75,140,65,112,65,110,5,FALSO,2
568,Trubbish,Trubbish,Veneno,NA,329,50,50,62,40,62,65,5,FALSO,1
569,Garbodor,Garbodor,Veneno,NA,474,80,95,82,60,82,75,5,FALSO,2
570,Zorua,Zorua,Oscuro,NA,330,40,65,40,80,40,65,5,FALSO,1
571,Zoroark,Zoroark,Oscuro,NA,510,60,105,60,120,60,105,5,FALSO,2
572,Minccino,Minccino,Normal,NA,300,55,50,40,40,40,75,5,FALSO,1
573,Cinccino,Cinccino,Normal,NA,470,75,95,60,65,60,115,5,FALSO,2
574,Gothita,Gothita,Psíquico,NA,290,45,30,50,55,65,45,5,FALSO,1
575,Gothorita,Gothorita,Psíquico,NA,390,60,45,70,75,85,55,5,FALSO,2
576,Gothitelle,Gothitelle,Psíquico,NA,490,70,55,95,95,110,65,5,FALSO,3
577,Solosis,Solosis,Psíquico,NA,290,45,30,40,105,50,20,5,FALSO,1
578,Duosion,Duosion,Psíquico,NA,370,65,40,50,125,60,30,5,FALSO,2
579,Reuniclus,Reuniclus,Psíquico,NA,490,110,65,75,125,85,30,5,FALSO,3
580,Ducklett,Ducklett,Agua,Volador,305,62,44,50,44,50,55,5,FALSO,1
581,Swanna,Swanna,Agua,Volador,473,75,87,63,87,63,98,5,FALSO,2
582,Vanillite,Vanillite,Hielo,NA,305,36,50,50,65,60,44,5,FALSO,1
583,Vanillish,Vanillish,Hielo,NA,395,51,65,65,80,75,59,5,FALSO,2
584,Vanilluxe,Vanilluxe,Hielo,NA,535,71,95,85,110,95,79,5,FALSO,3
585,Deerling,Deerling,Normal,Césped,335,60,60,50,40,50,75,5,FALSO,1
586,Sawsbuck,Sawsbuck,Normal,Césped,475,80,100,70,60,70,95,5,FALSO,2
587,Emolga,Emolga,Eléctrico,Volador,428,55,75,60,75,60,103,5,FALSO,NA
588,Karrablast,Karrablast,Bicho,NA,315,50,75,45,40,45,60,5,FALSO,1
589,Escavalier,Escavalier,Bicho,Acero,495,70,135,105,60,105,20,5,FALSO,2
590,Foongus,Foongus,Césped,Veneno,294,69,55,45,55,55,15,5,FALSO,1
591,Amoonguss,Amoonguss,Césped,Veneno,464,114,85,70,85,80,30,5,FALSO,2
592,Frillish,Frillish,Agua,Fantasma,335,55,40,50,65,85,40,5,FALSO,1
593,Jellicent,Jellicent,Agua,Fantasma,480,100,60,70,85,105,60,5,FALSO,2
594,Alomomola,Alomomola,Agua,NA,470,165,75,80,40,45,65,5,FALSO,NA
595,Joltik,Joltik,Bicho,Eléctrico,319,50,47,50,57,50,65,5,FALSO,1
596,Galvantula,Galvantula,Bicho,Eléctrico,472,70,77,60,97,60,108,5,FALSO,2
597,Ferroseed,Ferroseed,Césped,Acero,305,44,50,91,24,86,10,5,FALSO,1
598,Ferrothorn,Ferrothorn,Césped,Acero,489,74,94,131,54,116,20,5,FALSO,2
599,Klink,Klink,Acero,NA,300,40,55,70,45,60,30,5,FALSO,1
600,Klang,Klang,Acero,NA,440,60,80,95,70,85,50,5,FALSO,2
601,Klinklang,Klinklang,Acero,NA,520,60,100,115,70,85,90,5,FALSO,3
602,Tynamo,Tynamo,Eléctrico,NA,275,35,55,40,45,40,60,5,FALSO,1
603,Eelektrik,Eelektrik,Eléctrico,NA,405,65,85,70,75,70,40,5,FALSO,2
604,Eelektross,Eelektross,Eléctrico,NA,515,85,115,80,105,80,50,5,FALSO,3
605,Elgyem,Elgyem,Psíquico,NA,335,55,55,55,85,55,30,5,FALSO,1
606,Beheeyem,Beheeyem,Psíquico,NA,485,75,75,75,125,95,40,5,FALSO,2
607,Litwick,Litwick,Fantasma,Fuego,275,50,30,55,65,55,20,5,FALSO,1
608,Lampent,Lampent,Fantasma,Fuego,370,60,40,60,95,60,55,5,FALSO,2
609,Chandelure,Chandelure,Fantasma,Fuego,520,60,55,90,145,90,80,5,FALSO,3
610,Axew,Axew,Dragón,NA,320,46,87,60,30,40,57,5,FALSO,1
611,Fraxure,Fraxure,Dragón,NA,410,66,117,70,40,50,67,5,FALSO,2
612,Haxorus,Haxorus,Dragón,NA,540,76,147,90,60,70,97,5,FALSO,3
613,Cubchoo,Cubchoo,Hielo,NA,305,55,70,40,60,40,40,5,FALSO,1
614,Beartic,Beartic,Hielo,NA,485,95,110,80,70,80,50,5,FALSO,2
615,Cryogonal,Cryogonal,Hielo,NA,485,70,50,30,95,135,105,5,FALSO,NA
616,Shelmet,Shelmet,Bicho,NA,305,50,40,85,40,65,25,5,FALSO,1
617,Accelgor,Accelgor,Bicho,NA,495,80,70,40,100,60,145,5,FALSO,2
618,Stunfisk,Stunfisk,Tierra,Eléctrico,471,109,66,84,81,99,32,5,FALSO,NA
619,Mienfoo,Mienfoo,Luchador,NA,350,45,85,50,55,50,65,5,FALSO,1
620,Mienshao,Mienshao,Luchador,NA,510,65,125,60,95,60,105,5,FALSO,2
621,Druddigon,Druddigon,Dragón,NA,485,77,120,90,60,90,48,5,FALSO,NA
622,Golett,Golett,Tierra,Fantasma,303,59,74,50,35,50,35,5,FALSO,1
623,Golurk,Golurk,Tierra,Fantasma,483,89,124,80,55,80,55,5,FALSO,2
624,Pawniard,Pawniard,Oscuro,Acero,340,45,85,70,40,40,60,5,FALSO,1
625,Bisharp,Bisharp,Oscuro,Acero,490,65,125,100,60,70,70,5,FALSO,2
626,Bouffalant,Bouffalant,Normal,NA,490,95,110,95,40,95,55,5,FALSO,NA
627,Rufflet,Rufflet,Normal,Volador,350,70,83,50,37,50,60,5,FALSO,1
628,Braviary,Braviary,Normal,Volador,510,100,123,75,57,75,80,5,FALSO,2
629,Vullaby,Vullaby,Oscuro,Volador,370,70,55,75,45,65,60,5,FALSO,1
630,Mandibuzz,Mandibuzz,Oscuro,Volador,510,110,65,105,55,95,80,5,FALSO,2
631,Heatmor,Heatmor,Fuego,NA,484,85,97,66,105,66,65,5,FALSO,NA
632,Durant,Durant,Bicho,Acero,484,58,109,112,48,48,109,5,FALSO,NA
633,Deino,Deino,Oscuro,Dragón,300,52,65,50,45,50,38,5,FALSO,1
634,Zweilous,Zweilous,Oscuro,Dragón,420,72,85,70,65,70,58,5,FALSO,2
635,Hydreigon,Hydreigon,Oscuro,Dragón,600,92,105,90,125,90,98,5,FALSO,3
636,Larvesta,Larvesta,Bicho,Fuego,360,55,85,55,50,55,60,5,FALSO,1
637,Volcarona,Volcarona,Bicho,Fuego,550,85,60,65,135,105,100,5,FALSO,2
638,Cobalion,Cobalion,Acero,Luchador,580,91,90,129,90,72,108,5,VERDADERO,NA
639,Terrakion,Terrakion,Roca,Luchador,580,91,129,90,72,90,108,5,VERDADERO,NA
640,Virizion,Virizion,Césped,Luchador,580,91,90,72,90,129,108,5,VERDADERO,NA
641,TornadusIncarnate Forme,Tornadus Forma Encarnada,Volador,NA,580,79,115,70,125,80,111,5,VERDADERO,NA
641,TornadusTherian Forme,Tornadus Forma Therian,Volador,NA,580,79,100,80,110,90,121,5,VERDADERO,NA
642,ThundurusIncarnate Forme,Thundurus Forma Encarnada,Eléctrico,Volador,580,79,115,70,125,80,111,5,VERDADERO,NA
642,ThundurusTherian Forme,Thundurus Forma Therian,Eléctrico,Volador,580,79,105,70,145,80,101,5,VERDADERO,NA
643,Reshiram,Reshiram,Dragón,Fuego,680,100,120,100,150,120,90,5,VERDADERO,NA
644,Zekrom,Zekrom,Dragón,Eléctrico,680,100,150,120,120,100,90,5,VERDADERO,NA
645,LandorusIncarnate Forme,Landorus Forma Encarnada,Tierra,Volador,600,89,125,90,115,80,101,5,VERDADERO,NA
645,LandorusTherian Forme,Landorus Forma Therian,Tierra,Volador,600,89,145,90,105,80,91,5,VERDADERO,NA
646,Kyurem,Kyurem,Dragón,Hielo,660,125,130,90,130,90,95,5,VERDADERO,NA
646,KyuremBlack Kyurem,Kyurem Negro,Dragón,Hielo,700,125,170,100,120,90,95,5,VERDADERO,NA
646,KyuremWhite Kyurem,Kyurem Blanco,Dragón,Hielo,700,125,120,90,170,100,95,5,VERDADERO,NA
647,KeldeoOrdinary Forme,Keldeo Forma Ordinaria,Agua,Luchador,580,91,72,90,129,90,108,5,FALSO,NA
647,KeldeoResolute Forme,Keldeo Forma Resuelta,Agua,Luchador,580,91,72,90,129,90,108,5,FALSO,NA
648,MeloettaAria Forme,Meloetta Forma Aria,Normal,Psíquico,600,100,77,77,128,128,90,5,FALSO,NA
648,MeloettaPirouette Forme,Meloetta Forma Pirueta,Normal,Luchador,600,100,128,90,77,77,128,5,FALSO,NA
649,Genesect,Genesect,Bicho,Acero,600,71,120,95,120,95,99,5,FALSO,NA
650,Chespin,Chespin,Césped,NA,313,56,61,65,48,45,38,6,FALSO,1
651,Quilladin,Quilladin,Césped,NA,405,61,78,95,56,58,57,6,FALSO,2
652,Chesnaught,Chesnaught,Césped,Luchador,530,88,107,122,74,75,64,6,FALSO,3
653,Fennekin,Fennekin,Fuego,NA,307,40,45,40,62,60,60,6,FALSO,1
654,Braixen,Braixen,Fuego,NA,409,59,59,58,90,70,73,6,FALSO,2
655,Delphox,Delphox,Fuego,Psíquico,534,75,69,72,114,100,104,6,FALSO,3
656,Froakie,Froakie,Agua,NA,314,41,56,40,62,44,71,6,FALSO,1
657,Frogadier,Frogadier,Agua,NA,405,54,63,52,83,56,97,6,FALSO,2
658,Greninja,Greninja,Agua,Oscuro,530,72,95,67,103,71,122,6,FALSO,3
659,Bunnelby,Bunnelby,Normal,NA,237,38,36,38,32,36,57,6,FALSO,1
660,Diggersby,Diggersby,Normal,Tierra,423,85,56,77,50,77,78,6,FALSO,2
661,Fletchling,Fletchling,Normal,Volador,278,45,50,43,40,38,62,6,FALSO,1
662,Fletchinder,Fletchinder,Fuego,Volador,382,62,73,55,56,52,84,6,FALSO,2
663,Talonflame,Talonflame,Fuego,Volador,499,78,81,71,74,69,126,6,FALSO,3
664,Scatterbug,Scatterbug,Bicho,NA,200,38,35,40,27,25,35,6,FALSO,1
665,Spewpa,Spewpa,Bicho,NA,213,45,22,60,27,30,29,6,FALSO,2
666,Vivillon,Vivillon,Bicho,Volador,411,80,52,50,90,50,89,6,FALSO,3
667,Litleo,Litleo,Fuego,Normal,369,62,50,58,73,54,72,6,FALSO,1
668,Pyroar,Pyroar,Fuego,Normal,507,86,68,72,109,66,106,6,FALSO,2
669,Flabébé,Flabébé,Hada,NA,303,44,38,39,61,79,42,6,FALSO,1
670,Floette,Floette,Hada,NA,371,54,45,47,75,98,52,6,FALSO,2
671,Florges,Florges,Hada,NA,552,78,65,68,112,154,75,6,FALSO,3
672,Skiddo,Skiddo,Césped,NA,350,66,65,48,62,57,52,6,FALSO,1
673,Gogoat,Gogoat,Césped,NA,531,123,100,62,97,81,68,6,FALSO,2
674,Pancham,Pancham,Luchador,NA,348,67,82,62,46,48,43,6,FALSO,1
675,Pangoro,Pangoro,Luchador,Oscuro,495,95,124,78,69,71,58,6,FALSO,2
676,Furfrou,Furfrou,Normal,NA,472,75,80,60,65,90,102,6,FALSO,NA
677,Espurr,Espurr,Psíquico,NA,355,62,48,54,63,60,68,6,FALSO,1
678,MeowsticMale,Meowstic Macho,Psíquico,NA,466,74,48,76,83,81,104,6,FALSO,2
678,MeowsticFemale,Meowstic Hembra,Psíquico,NA,466,74,48,76,83,81,104,6,FALSO,2
679,Honedge,Honedge,Acero,Fantasma,325,45,80,100,35,37,28,6,FALSO,1
680,Doublade,Doublade,Acero,Fantasma,448,59,110,150,45,49,35,6,FALSO,2
681,AegislashBlade Forme,Aegislash Forma Navaja,Acero,Fantasma,520,60,150,50,150,50,60,6,FALSO,3
681,AegislashShield Forme,Aegislash Forma Escudo,Acero,Fantasma,520,60,50,150,50,150,60,6,FALSO,3
682,Spritzee,Spritzee,Hada,NA,341,78,52,60,63,65,23,6,FALSO,1
683,Aromatisse,Aromatisse,Hada,NA,462,101,72,72,99,89,29,6,FALSO,2
684,Swirlix,Swirlix,Hada,NA,341,62,48,66,59,57,49,6,FALSO,1
685,Slurpuff,Slurpuff,Hada,NA,480,82,80,86,85,75,72,6,FALSO,2
686,Inkay,Inkay,Oscuro,Psíquico,288,53,54,53,37,46,45,6,FALSO,1
687,Malamar,Malamar,Oscuro,Psíquico,482,86,92,88,68,75,73,6,FALSO,2
688,Binacle,Binacle,Roca,Agua,306,42,52,67,39,56,50,6,FALSO,1
689,Barbaracle,Barbaracle,Roca,Agua,500,72,105,115,54,86,68,6,FALSO,2
690,Skrelp,Skrelp,Veneno,Agua,320,50,60,60,60,60,30,6,FALSO,1
691,Dragalge,Dragalge,Veneno,Dragón,494,65,75,90,97,123,44,6,FALSO,2
692,Clauncher,Clauncher,Agua,NA,330,50,53,62,58,63,44,6,FALSO,1
693,Clawitzer,Clawitzer,Agua,NA,500,71,73,88,120,89,59,6,FALSO,2
694,Helioptile,Helioptile,Eléctrico,Normal,289,44,38,33,61,43,70,6,FALSO,1
695,Heliolisk,Heliolisk,Eléctrico,Normal,481,62,55,52,109,94,109,6,FALSO,2
696,Tyrunt,Tyrunt,Roca,Dragón,362,58,89,77,45,45,48,6,FALSO,1
697,Tyrantrum,Tyrantrum,Roca,Dragón,521,82,121,119,69,59,71,6,FALSO,2
698,Amaura,Amaura,Roca,Hielo,362,77,59,50,67,63,46,6,FALSO,1
699,Aurorus,Aurorus,Roca,Hielo,521,123,77,72,99,92,58,6,FALSO,2
700,Sylveon,Sylveon,Hada,NA,525,95,65,65,110,130,60,6,FALSO,2
701,Hawlucha,Hawlucha,Luchador,Volador,500,78,92,75,74,63,118,6,FALSO,NA
702,Dedenne,Dedenne,Eléctrico,Hada,431,67,58,57,81,67,101,6,FALSO,NA
703,Carbink,Carbink,Roca,Hada,500,50,50,150,50,150,50,6,FALSO,NA
704,Goomy,Goomy,Dragón,NA,300,45,50,35,55,75,40,6,FALSO,1
705,Sliggoo,Sliggoo,Dragón,NA,452,68,75,53,83,113,60,6,FALSO,2
706,Goodra,Goodra,Dragón,NA,600,90,100,70,110,150,80,6,FALSO,3
707,Klefki,Klefki,Acero,Hada,470,57,80,91,80,87,75,6,FALSO,NA
708,Phantump,Phantump,Fantasma,Césped,309,43,70,48,50,60,38,6,FALSO,1
709,Trevenant,Trevenant,Fantasma,Césped,474,85,110,76,65,82,56,6,FALSO,2
710,PumpkabooAverage Size,Pumpkaboo Tamaño Normal,Fantasma,Césped,335,49,66,70,44,55,51,6,FALSO,1
710,PumpkabooSmall Size,Pumpkaboo Tamaño Pequeño,Fantasma,Césped,335,44,66,70,44,55,56,6,FALSO,1
710,PumpkabooLarge Size,Pumpkaboo Tamaño Grande,Fantasma,Césped,335,54,66,70,44,55,46,6,FALSO,1
710,PumpkabooSuper Size,Pumpkaboo Tamaño Super,Fantasma,Césped,335,59,66,70,44,55,41,6,FALSO,1
711,GourgeistAverage Size,Gourgeist Tamaño Normal,Fantasma,Césped,494,65,90,122,58,75,84,6,FALSO,2
711,GourgeistSmall Size,Gourgeist Tamaño Pequeño,Fantasma,Césped,494,55,85,122,58,75,99,6,FALSO,2
711,GourgeistLarge Size,Gourgeist Tamaño Grande,Fantasma,Césped,494,75,95,122,58,75,69,6,FALSO,2
711,GourgeistSuper Size,Gourgeist Tamaño Super,Fantasma,Césped,494,85,100,122,58,75,54,6,FALSO,2
712,Bergmite,Bergmite,Hielo,NA,304,55,69,85,32,35,28,6,FALSO,1
713,Avalugg,Avalugg,Hielo,NA,514,95,117,184,44,46,28,6,FALSO,2
714,Noibat,Noibat,Volador,Dragón,245,40,30,35,45,40,55,6,FALSO,1
715,Noivern,Noivern,Volador,Dragón,535,85,70,80,97,80,123,6,FALSO,2
716,Xerneas,Xerneas,Hada,NA,680,126,131,95,131,98,99,6,VERDADERO,NA
717,Yveltal,Yveltal,Oscuro,Volador,680,126,131,95,131,98,99,6,VERDADERO,NA
718,Zygarde50% Forme,Zygarde Forma 50%,Dragón,Tierra,600,108,100,121,81,95,95,6,VERDADERO,NA
719,Diancie,Diancie,Roca,Hada,600,50,100,150,100,150,50,6,VERDADERO,NA
719,Diancie Mega,Diancie Mega,Roca,Hada,700,50,160,110,160,110,110,6,VERDADERO,NA
720,HoopaHoopa Confined,HoopaHoopa Confinado,Psíquico,Fantasma,600,80,110,60,150,130,70,6,VERDADERO,NA
720,HoopaHoopa Unbound,HoopaHoopa Desatado,Psíquico,Oscuro,680,80,160,60,170,130,80,6,VERDADERO,NA
721,Volcanion,Volcanion,Fuego,Agua,600,80,110,120,130,90,70,6,VERDADERO,NA
